Thyroid,1.720987,2.65692,3.187466,2.787034,1.682439,0.97194,11.888771,20.902988,13.529277,21.285,24.947222,28.936638,0.0,0.0,0.0,0.0,0.0,0.0,0.0,0.0,0.0,0.137062,0.0,0.0,0.0,0.0,0.0,0.0,0.0,0.0,0.611246,2.214376,1.203255,0.466055,0.690613,0.222192,0.0,0.269661,0.22122,0.453494,0.0,0.0,0.076982,0.142073,0.073195,0.057049,0.149854,0.065453,0.0,0.0,0.0,0.0,0.0,0.0,2.090046,1.407522,0.0,0.0,1.555878,0.0,19.537918,22.990381,20.572313,27.090408,15.944693,27.973316,0.0,0.0,0.167659,0.103643,0.0,0.0,0.0,0.0,0.0,0.0,0.0,0.0,5.854487,8.933988,0.0,5.659868,3.060588,1.075868,0.592066,1.673177,0.0,0.667814,0.0,2.769467,0.0,0.911306,0.173629,0.426778,0.710202,0.270819,0.0,0.0,0.0,0.0,0.0,0.0,0.0,0.0,0.0,0.0,0.0,0.252309,30.224712,42.903442,242.488007,70.394455,57.141109,161.393372,3.141425,1.227454,2.267126,0.783018,2.211493,1.181173,0.0,0.0,0.0,0.0,0.789656,0.0,46.34568,41.586487,190.870392,168.666412,204.295486,132.968307,0.885941,2.672297,0.553783,3.548731,0.910206,1.896388,2.468201,2.820408,3.154929,4.61259,5.46704,6.200853,0.0,0.0,0.0,0.0,0.0,0.0,42.842072,0.0,0.746791,40.418182,18.851868,0.0,6.627914,6.662275,6.246982,3.357705,8.68577,3.393082,1.293311,0.81219,0.0,10.508161,0.767509,4.960587,0.0,0.0,0.0,0.0,0.0,0.0,0.0,0.0,0.0,0.0,0.0,0.0,0.0,0.0,0.0,0.0,0.0,0.0,0.080343,0.091022,0.057622,0.38827,0.198255,0.085215,2.278652,1.050508,2.666354,2.394743,1.241763,2.329416,0.36023,0.628997,1.495262,7.4647,0.643957,0.0,0.025049,0.063086,0.04218,0.021852,0.063614,0.0,0.0,0.0,0.0,0.0,0.0,0.0,0.0,0.0,0.0,0.0,0.0,0.0,13.503835,4.958642,10.258327,14.169595,11.809305,7.455537,0.0,0.442066,0.34214,1.968986,0.918107,1.073519,0.0,0.0,0.0,0.0,0.0,0.512697,0.0,0.0,0.0,0.0,0.0,0.0,0.0,0.0,0.0,0.0,0.0,0.0,0.0,0.0,0.0,0.0,0.0,0.0,0.201869,0.0,0.0,0.0,0.772894,0.612023,0.0,0.0,0.0,0.0,0.0,0.0,0.0,0.0,0.0,0.0,0.0,0.0,0.0,0.0,0.0,0.0,0.0,0.0,14.213228,17.962755,57.639496,34.760201,35.176315,11.870031,0.0,0.0,0.0,0.0,0.0,0.0,0.0,0.0,0.0,0.0,0.0,0.0,0.0,0.0,0.231972,1.160407,1.270846,0.0
Testis,2.058264,2.550518,1.531472,3.245145,0.760401,4.183007,1.910899,2.27116,1.271878,5.443314,4.343459,2.599065,0.844183,1.56464,0.0,2.507358,0.332298,0.0,0.042725,0.0,0.067089,0.0,0.0,0.0,0.0,0.0,0.491538,0.0,0.0,0.0,0.636579,0.583353,0.529069,0.450619,0.292569,0.712045,1.089278,0.985065,0.195092,0.329761,1.570571,1.035423,2.400608,2.9177,1.795067,2.053663,2.431494,2.13651,0.0,0.0,0.739654,0.243221,0.0,0.0,0.0,0.151375,1.572005,0.0,0.0,0.0,23.269495,24.880096,24.623714,22.163115,25.210287,25.282459,0.886015,0.0,0.290305,0.0,0.0,1.122691,0.0,0.0,0.0,0.0,0.0,0.0,3.041057,1.510932,3.277068,1.843996,1.412502,4.938406,0.736825,2.286127,0.418431,0.234975,0.0,1.327274,1.354308,0.844855,0.0,0.191579,0.416854,1.296791,0.0,0.0,0.0,0.0,0.0,0.0,0.0,0.0,0.0,0.0,0.0,0.0,40.896027,48.309105,63.921062,80.223816,77.798477,61.537411,0.317007,0.292422,0.556829,0.279738,0.759197,0.386086,25.553324,17.297968,31.452667,21.954506,25.335724,16.81411,9.065448,7.802845,7.56496,15.656786,10.267671,10.329376,0.369856,0.0,1.615313,0.556882,0.259278,0.0,0.168942,0.605052,0.0,0.446125,0.29621,0.17666,0.0,0.0,0.0,0.0,0.0,0.0,53.472691,46.116013,59.730732,0.0,0.0,58.284241,10.022545,2.179497,6.58317,2.933524,2.33094,10.104844,1.628253,4.66737,1.170157,0.701531,0.0,0.0,0.0,0.0,0.0,0.081169,0.0,0.0,0.094039,0.013408,0.023059,0.029754,0.046398,0.016476,0.0,0.0,0.0,0.0,0.0,0.0,0.64783,0.25342,0.243317,0.599633,0.266668,0.455258,3.144416,3.576372,2.713346,2.674624,2.809336,3.163206,3.061182,0.0,2.264974,0.52048,6.65624,3.530478,0.06099,0.0,0.0,0.014643,0.040665,0.099399,0.0,0.0,0.0,0.0,0.0,0.0,0.0,0.0,0.0,0.0,0.0,0.0,7.443353,6.822381,9.716432,6.637892,5.140819,5.805837,0.989073,1.079691,1.296633,0.737681,1.969832,1.614915,0.587374,0.0,0.102385,0.0,0.0,0.0,0.0,0.0,0.0,0.0,0.0,0.0,0.0,0.0,0.0,0.0,0.0,0.0,0.183476,0.164581,0.0,0.0,0.0,0.0,0.259815,0.93729,0.434925,0.0,0.0,0.790754,0.0,0.0,0.0,0.0,0.0,0.0,0.0,0.0,0.0,0.0,0.0,0.911323,0.0,0.0,0.0,0.0,0.0,0.0,13.289855,35.875755,48.049606,28.049068,37.685444,7.729328,0.0,0.0,0.0,0.0,0.0,0.0,0.0,0.0,0.0,0.0,0.0,0.0,63.241161,94.369415,39.341507,41.287342,45.139675,71.215675
Cervix Uteri,2.626136,4.6167,5.222678,1.652386,0.764803,1.890777,39.115963,20.3351,61.164112,27.300503,22.737396,20.185453,0.0,0.0,0.0,0.0,0.0,0.0,0.0,0.0,0.0,0.0,0.0,0.0,0.0,0.0,0.0,0.0,0.0,0.0,7.828882,0.488486,4.750333,3.193894,0.056189,14.34989,0.0,0.514904,0.905812,1.320117,0.0,0.0,0.357806,0.142489,0.063608,0.133896,0.107436,0.00548,0.0,0.0,0.0,0.0,0.0,0.0,0.837523,0.148026,1.75712,0.0,1.225414,2.031852,28.18372,27.555456,22.053169,32.30965,26.726259,15.295502,1.427438,0.288238,0.309534,0.0,0.0,0.513422,0.0,0.0,0.0,0.0,0.0,0.0,0.0,0.256006,1.710181,0.0,0.0,1.893097,0.0,0.749432,0.0,0.0,2.869583,0.0,0.300736,0.198859,0.242973,1.406488,1.353013,1.043092,0.0,0.0,0.0,0.0,0.0,0.0,0.0,0.0,0.0,0.0,0.0,0.0,169.160568,307.622742,203.820038,247.035431,394.692719,177.088867,2.033233,3.080127,0.995333,2.54734,1.809235,2.304227,0.0,0.0,0.0,0.997803,0.0,0.0,95.874748,115.864326,119.283073,144.660629,82.669952,110.108139,2.593971,0.0,0.0,0.60559,0.0,0.634987,0.0,0.749981,3.140332,0.60559,0.0,0.634987,0.375217,0.0,0.0,0.0,0.0,0.289252,63.992313,32.029282,79.266006,0.0,43.269833,6.757899,3.375612,6.328641,1.683338,0.436026,2.880506,1.287498,22.419439,29.778233,6.915372,16.422089,0.600433,23.597692,0.0,0.0,0.0,0.43922,0.0,1.973769,0.018331,0.0,0.0,0.0,0.0,0.0,0.0,0.0,0.0,0.0,0.0,0.0,0.14542,0.23678,0.353419,0.193248,0.086075,0.288445,0.169813,0.401926,0.152575,0.577896,0.825537,0.0,3.178102,0.452771,4.348908,0.360503,18.642944,3.724555,0.094638,0.022665,0.022362,0.021944,0.0,0.0,0.0,0.0,0.0,0.0,0.0,0.0,0.0,0.0,0.0,0.0,0.0,0.0,6.383628,5.197889,8.846712,4.038793,6.010554,5.367795,0.445898,0.448542,0.784878,0.530093,1.112597,1.187977,0.0,1.828628,4.262871,3.784479,0.0,3.850746,0.0,0.0,0.0,0.0,0.0,0.0,0.0,0.0,0.0,0.0,0.0,0.0,0.0,0.0,0.0,0.0,0.0,0.0,0.333038,0.0,0.0,0.535145,0.0,0.268517,0.0,0.0,0.0,0.0,0.0,0.0,0.0,0.0,0.0,0.0,0.0,1.861842,0.0,0.0,0.0,0.0,0.137441,0.0,31.5816,25.513506,45.752926,69.101433,30.608202,46.996212,0.0,0.0,0.0,0.0,0.0,0.0,0.0,0.0,0.0,0.0,0.0,0.0,0.0,0.0,0.0,0.0,0.984265,0.0
Adipose Tissue,3.526939,3.432103,2.924408,8.1999,5.092519,2.510695,39.502716,56.187016,24.132347,27.811831,29.51808,33.987507,0.0,0.0,0.0,0.0,0.0,0.0,0.0,0.0,0.0,0.0,0.0,0.0,0.0,0.0,0.0,0.0,0.0,0.0,0.212015,4.227109,67.011551,0.247344,1.097064,25.532709,1.140942,0.0,0.0,0.537992,0.296733,0.0,0.098459,0.142598,0.047628,0.1807,0.054025,0.039497,0.0,0.0,0.0,0.0,0.0,0.0,0.0,0.0,0.387951,0.673927,0.0,0.598477,39.956287,39.676224,38.178349,45.816544,31.149242,31.474754,0.0,0.0,0.461951,0.04458,0.716232,0.0,0.0,0.0,0.0,0.0,0.0,0.0,2.133872,0.0,2.218071,0.888013,0.0,0.630391,0.0,0.0,0.785742,0.0,1.788398,2.031239,1.328528,2.285362,1.003006,0.780528,0.367318,0.229422,0.0,0.0,0.0,0.0,0.0,0.0,0.0,0.0,0.0,0.0,0.0,0.0,130.181549,95.797462,209.446899,28.933708,68.306549,125.755188,0.220812,0.988305,0.801428,0.472884,0.161324,0.0,0.0,0.0,0.0,0.0,0.0,0.0,279.92157,221.512161,27.652956,78.401871,27.826698,334.311432,3.196451,5.558877,3.570032,2.298793,1.803525,0.422399,2.213867,5.146634,4.701623,2.720789,2.438101,6.499527,0.0,0.0,0.0,0.0,0.0,0.0,20.977915,22.599558,6.108195,19.497566,55.675419,53.011734,3.433529,1.198721,8.239498,1.840327,11.622895,3.173226,9.291059,11.728971,2.407225,14.428649,3.349599,12.091307,0.0,0.0,0.0,0.0,0.0,0.0,0.0,0.0,0.0,0.0,0.0,0.0,0.0,0.0,0.0,0.0,0.0,0.0,0.159416,0.182091,0.086414,0.06262,0.049783,0.038809,0.204995,0.198725,0.108749,0.258706,0.095881,0.736023,2.560312,0.500442,0.590201,2.95111,6.756223,0.0,0.0,0.0,0.0199,0.0,0.0,0.0,0.0,0.0,0.0,0.0,0.0,0.0,0.0,0.0,0.0,0.0,0.0,0.0,10.536209,2.728945,3.258109,2.518074,1.95499,6.95735,0.654503,3.355212,1.425248,0.772513,0.216989,0.318679,0.290609,0.0,1.411082,0.0,0.675474,0.0,0.0,0.0,0.0,0.0,0.0,0.0,0.0,0.0,0.0,0.0,0.0,0.0,0.0,0.0,0.0,0.0,0.0,0.0,0.0,0.0,0.228202,0.257783,0.0,0.0,0.0,0.0,0.0,0.0,0.0,0.0,0.0,0.40493,0.0,1.950137,0.0,0.0,0.0,0.0,0.0,0.0,0.0,0.0,24.03977,16.328886,28.595417,24.273436,41.152287,68.392326,0.0,0.0,0.0,0.0,0.0,0.0,0.0,0.0,0.0,0.282172,0.0,0.0,0.0,0.0,0.0,0.0,1.475471,0.557918
Vagina,1.386307,1.880708,3.876812,2.794651,0.985519,1.367027,11.164229,40.377083,44.398464,22.399227,41.09388,27.828188,0.0,0.0,0.0,0.0,0.0,0.0,0.0,0.0,0.049513,0.0,0.0,0.0,0.0,0.0,0.0,0.0,0.0,0.0,0.550354,2.185549,8.198145,0.770153,0.47507,26.590389,1.284392,0.0,0.74633,0.0,0.233994,0.256075,0.0,0.389264,0.079453,0.06998,0.0742,0.287347,0.0,0.0,0.0,0.0,0.0,0.0,1.892027,0.0,0.72556,0.0,3.092031,0.0,12.882871,24.436666,31.171846,11.946927,24.847084,25.546087,0.0,0.591972,0.0,0.0,0.0,1.515584,0.0,0.0,0.0,0.0,0.0,0.0,0.0,0.807392,1.571344,0.0,0.730931,1.180055,0.0,0.067464,0.0,0.0,3.357639,0.86186,0.791933,1.131105,0.520975,1.091594,1.147428,0.0,0.0,0.0,0.0,0.0,0.0,0.0,0.0,0.154768,0.0,0.0,0.0,0.0,244.43512,331.333649,160.307968,131.685516,102.612396,360.221802,1.429008,1.019688,2.693059,1.955678,1.450385,2.784374,0.0,1.329501,0.0,1.660246,1.673247,0.0,59.821667,116.356544,121.090332,62.464828,65.029877,107.057396,0.0,0.0,1.772349,0.0,0.251709,3.909322,1.244968,0.939561,0.0,0.0,0.0,0.0,0.0,0.0,0.0,0.0,0.0,0.0,24.01297,32.710152,0.0,15.078926,0.0,9.892296,0.498123,0.0,1.520622,0.426626,0.685948,0.0,2.505155,1.56758,0.0,0.0,20.131868,3.803854,0.0,1.052717,0.0,0.0,0.0,1.184818,0.0,0.0,0.0,0.0,0.0,0.0,0.0,0.0,0.0,0.0,0.0,0.0,0.107423,0.070339,0.049565,0.024447,0.058242,0.0,0.758576,0.879092,1.217675,1.773941,0.519523,0.136695,7.860023,3.18974,15.402312,8.879693,8.306813,13.937528,0.019664,0.0,0.0,0.0,0.0,0.0,0.0,0.0,0.0,0.0,0.0,0.0,0.0,0.0,0.0,0.0,0.0,0.0,7.831297,5.830034,11.383655,3.97825,3.587593,6.001897,2.383532,0.379226,1.382103,1.535297,0.652942,1.137327,0.104035,1.484945,0.659908,3.096911,1.284779,0.257928,0.0,0.0,0.0,0.0,0.0,0.0,0.0,0.0,0.0,0.0,0.0,0.0,0.0,0.298397,0.0,0.0,0.0,0.0,0.414448,0.0,0.0,0.460779,0.397821,0.61154,0.0,0.0,0.0,0.0,0.0,0.0,0.0,0.0,0.0,0.0,0.0,0.0,0.0,0.0,0.0,0.0,0.0,0.0,31.589289,39.232437,39.632774,20.033056,26.075102,41.435776,0.0,0.0,0.0,0.0,0.0,0.0,0.0,0.0,0.0,0.0,0.0,0.0,1.917626,1.079239,0.0,0.0,0.0,0.0
Heart,1.061096,1.819,1.212057,2.213127,1.460968,1.561504,7.718737,9.717837,18.426344,1.827891,53.685646,2.896954,0.0,0.0,0.0,0.0,0.0,0.0,0.0,0.0,0.055353,0.0,0.0,0.0,0.0,0.0,0.0,0.0,0.0,0.504401,1270.872437,318.295685,707.825378,3568.855225,498.08493,2099.43042,0.299619,0.68115,1.943042,0.200011,0.750847,0.190735,0.243985,0.0,0.091843,0.123569,0.055435,0.11598,0.0,0.0,0.0,0.0,0.0,0.0,1.12046,2.089628,0.859213,0.761082,0.0,0.091166,36.576496,24.608578,22.184244,19.233835,12.849379,18.33761,0.0,0.0,0.0,0.0,0.23171,0.0,0.0,0.0,0.0,0.0,0.0,0.0,0.759832,0.0,0.0,0.57615,0.0,0.0,0.0,0.0,0.0,0.0,0.0,0.0,0.194524,1.001168,0.2818,0.393129,0.618126,0.916624,0.0,0.0,0.0,0.0,0.0,0.0,0.0,0.0,0.0,0.0,0.0,0.0,85.430267,31.699411,59.941456,125.672501,311.272675,69.063232,1.02511,0.453978,2.553248,0.0,0.262043,0.655395,0.0,0.0,0.0,0.0,0.0,0.0,69.207443,50.889988,65.164345,90.980721,54.86607,27.623985,1.356658,3.620626,0.0,0.0,0.287882,0.145578,0.784304,3.171476,2.638911,0.73938,0.745793,0.797724,0.0,0.0,0.0,0.0,0.0,0.0,85.880325,0.0,79.023888,120.222725,16.920046,12.572822,6.323475,0.900688,1.677922,6.267127,4.942383,7.796013,4.269052,3.708399,2.1909,0.0,0.0,0.740363,0.0,0.0,0.060519,0.0,0.0,0.0,0.0,0.0,0.0,0.0,0.0,0.0,0.0,0.0,0.0,0.0,0.0,0.0,0.122019,0.05857,0.109074,0.038391,0.035145,0.0,3.800965,1.300309,2.056926,1.577383,0.141327,1.873751,0.0,0.019496,0.0,0.0,3.453838,0.419061,0.0,0.0,0.0,0.0,0.0,0.0,0.0,0.0,0.0,0.0,0.0,0.0,0.0,0.0,0.0,0.0,0.0,0.0,1.803624,1.629912,1.51202,2.221006,1.656261,0.389001,0.0,0.156275,0.185234,0.0,0.099119,0.479135,0.165952,0.0,0.208563,0.0,0.0,0.062273,0.0,0.0,0.0,0.0,0.0,0.0,0.0,0.0,0.0,0.0,0.0,0.0,0.0,0.0,0.0,0.0,0.0,0.0,0.208205,0.497529,0.986708,0.0,0.847912,0.0,0.0,0.0,0.0,0.0,0.0,0.0,3.234472,2.709226,0.0,2.474991,0.0,1.172129,0.367474,0.0,0.0,0.0,0.0,0.0,78.294029,70.012268,43.223759,65.934776,20.490698,63.668781,0.0,0.0,0.0,0.0,0.0,0.0,0.0,0.0,0.0,0.0,0.0,0.0,0.0,0.0,0.0,0.0,0.565905,0.0
Pituitary,5.391869,7.692257,10.939147,8.967768,5.024843,7.699128,12.187686,8.047775,13.879938,6.156368,6.421735,15.075294,0.0,0.0,0.0,0.0,0.0,0.0,0.0,0.0,0.0,0.0,0.0,0.073744,0.0,0.0,0.0,0.0,0.0,0.0,2.157653,3.363403,2.875141,3.38863,1.902513,1.080389,1.189862,0.824384,1.035441,1.830165,0.548862,0.673012,0.191533,0.204624,0.422115,0.133572,0.169488,0.219001,0.0,0.0,0.0,0.0,0.0,0.0,0.380321,0.668977,0.512424,1.095737,0.0,0.251273,13.740814,12.306056,16.231787,21.252644,19.097658,15.089721,0.0,0.0,1.278288,0.0,0.0,0.0,0.0,0.0,0.0,0.0,0.0,0.0,2.864856,1.198926,1.668806,11.336876,2.808903,3.110974,1.457187,10.452916,0.003291,11.098746,6.279283,5.665975,1.30031,0.171153,0.591998,0.0,0.609715,0.226527,0.0,0.0,0.0,0.0,0.0,0.0,0.0,0.0,0.0,0.0,0.0,0.0,39.72591,137.20607,61.766693,1.379918,214.277298,177.950439,0.910267,1.180133,0.428987,0.468801,0.899813,0.320242,0.0,0.0,0.0,0.0,0.0,0.0,55.306313,25.19763,36.528496,10.804908,12.622955,69.604904,0.652972,0.34617,1.816984,1.086935,0.0,0.0,0.0,0.34617,0.720894,0.712697,0.0,0.436325,0.0,0.0,0.0,0.0,0.0,0.0,46.316242,45.046894,0.0,0.0,49.067806,0.0,3.564663,1.528048,6.492944,1.110087,4.579192,4.52572,0.0,0.0,0.0,0.561733,0.0,1.098144,0.0,0.0,0.0,0.0,0.0,0.0,0.0,0.0,0.0,0.0,0.0,0.0,0.0,0.0,0.0,0.0,0.0,0.0,0.169178,0.076187,0.218524,0.350207,0.160696,0.300337,5.605175,8.382432,5.318293,4.638679,3.823715,3.677133,4.506974,0.281447,0.0,1.024435,0.466741,0.564088,0.024605,0.051736,0.059426,0.088768,0.0,0.075724,0.0,0.0,0.0,0.0,0.0,0.0,0.0,0.0,0.0,0.0,0.0,0.0,2.353103,2.59936,2.438481,1.293106,4.843813,2.701237,1.49472,1.088234,1.721069,1.683956,1.967443,1.041562,0.326511,0.0,0.0,0.0,0.0,0.0,0.0,0.0,0.0,0.0,0.0,0.0,0.0,0.0,0.0,0.0,0.0,0.0,0.299692,0.0,0.0,0.0,0.0,0.0,0.669041,0.0,0.273592,0.186693,0.376224,0.451845,0.0,0.0,0.0,0.0,0.0,0.0,0.0,0.0,0.0,0.074568,0.0,0.0,0.0,0.0,0.0,0.0,0.0,0.0,44.517746,37.700939,39.419979,11.198259,64.307213,37.23909,0.0,0.0,0.0,0.0,0.0,0.0,0.0,0.0,0.0,0.0,0.0,0.0,2.090942,5.933819,9.818705,3.118311,9.024028,0.301273
Stomach,0.933249,1.482753,1.692488,1.279348,1.945463,1.832495,41.637676,26.104462,13.942887,40.228493,4.086878,12.957572,0.0,0.0,0.0,0.0,0.0,0.0,0.0,0.0,0.0,0.072898,0.0,0.0,0.0,0.0,0.0,0.0,0.0,0.0,12.642093,10.366445,0.0,0.151634,0.540097,30.7906,0.227655,0.867258,0.0,0.337546,0.639261,0.246994,0.142307,0.0,0.0,0.092187,0.0,0.057172,0.0,0.0,0.0,0.0,0.0,0.0,1.234379,0.47073,1.647729,2.998076,3.020243,2.45293,14.902648,12.265773,9.716018,9.585615,7.820257,20.273218,0.092242,0.108138,0.600051,0.0,0.0,0.46975,0.0,0.0,0.0,0.0,0.0,0.0,1.656907,0.867557,0.897938,4.2371,0.569149,2.043825,0.0,1.631747,0.001903,1.187251,0.0,0.0,0.0,1.649454,0.271667,0.372957,0.233801,0.220271,0.0,0.0,0.0,0.0,0.0,0.0,0.0,0.197367,0.0,0.0,0.0,0.0,301.969299,179.793121,165.126358,314.319519,341.2453,205.443008,0.094676,0.519321,0.586367,0.51117,0.092977,1.024261,0.0,1.617581,0.0,0.0,0.528369,0.719886,60.4687,39.923424,213.429276,124.619324,59.738373,47.067028,0.919928,1.62078,0.0,0.68575,0.0,0.164595,0.037734,0.0,0.258402,1.537358,0.420708,1.538106,0.0,0.0,0.0,0.0,0.0,0.0,0.0,37.381981,34.019363,8.645426,32.797768,0.0,7.077762,1.361348,2.691637,4.221151,4.671617,1.164669,9.645843,0.327167,3.898611,5.190329,1.139881,0.0,0.0,0.0,0.0,0.0,0.0,0.0,0.0,0.0,0.0,0.0,0.0,0.0,0.0,0.0,0.0,0.0,0.0,0.0,0.011885,0.041333,0.048788,0.043755,0.027934,0.225816,0.0,0.445259,0.437758,0.604226,0.267768,1.768067,0.648025,3.15866,0.0,0.484096,0.0,1.319187,0.021172,0.0,0.0,0.0,0.015864,0.0,0.0,0.0,0.0,0.0,0.0,0.0,0.0,0.0,0.0,0.0,0.0,0.0,2.647385,6.128595,2.020869,1.404236,1.612738,1.93888,1.167388,0.386367,0.982394,0.490963,0.556513,0.157211,0.277928,0.273177,0.0,0.35776,0.0,0.0,0.0,0.0,0.0,0.0,0.0,0.0,0.0,0.0,0.0,0.0,0.0,0.0,0.0,0.0,0.0,0.0,0.0,0.0,0.29322,0.0,0.0,0.0,0.0,0.0,0.0,0.0,0.0,0.0,0.0,0.0,0.0,0.0,0.0,0.0,0.0,0.0,0.050304,0.0,0.0,0.0,0.0,0.0,37.021816,55.663754,32.526962,35.447216,61.701511,32.745087,0.0,0.0,0.0,0.0,0.0,0.0,0.0,0.0,0.0,0.0,0.0,0.0,0.0,0.0,0.0,0.541297,0.0,0.0
Fallopian Tube,6.795242,2.833012,6.561115,3.796691,4.695623,8.24402,50.830685,22.917982,36.149502,26.725353,34.792259,42.592503,0.0,0.0,0.0,0.0,0.0,0.0,0.0,0.0,0.0,0.0,0.0,0.0,0.0,0.0,0.0,0.0,0.0,0.0,6.898715,1.190407,0.356501,2.298671,2.87555,0.756319,0.300691,0.568651,0.431162,0.384942,0.726411,0.530814,0.205154,0.144383,0.189184,0.155859,0.20226,0.0,0.0,0.0,0.0,0.0,0.0,0.0,2.669568,2.464545,1.051286,0.0,0.0,0.0,44.206749,22.667683,36.922592,21.498417,15.634629,31.009502,0.0,1.01187,0.0,1.310563,0.0,0.416545,0.0,0.0,0.0,0.0,0.0,0.0,3.777879,0.781976,1.880582,3.491623,9.364784,7.98007,4.181111,0.0,0.141054,4.168546,0.0,1.915238,0.749372,0.0,1.652491,0.894048,0.552769,0.215654,0.0,0.0,0.0,0.0,0.0,0.0,0.0,0.0,0.0,0.0,0.0,0.0,130.058716,285.977936,124.34861,216.985764,295.919678,153.152542,0.551674,1.664946,0.472078,0.558236,0.857208,0.982726,0.0,0.0,0.0,0.0,0.0,0.0,164.674545,136.829956,1035.249268,92.232491,169.313797,159.683502,2.946155,0.541053,0.939664,2.987174,3.326622,0.714575,2.946155,0.541053,0.939664,2.987174,3.326622,0.714575,0.0,0.0,0.0,0.0,0.0,0.399347,20.180761,14.412883,32.027889,9.16899,48.370506,16.596235,4.589386,1.239313,8.574468,0.0,8.779244,0.776094,16.305473,14.573613,8.808957,0.999012,11.959261,15.337544,0.0,0.0,0.0,0.0,0.0,0.0,0.0,0.0,0.0,0.0,0.0,0.0,0.0,0.0,0.0,0.0,0.0,0.0,0.322149,0.343888,0.427016,0.079686,0.11802,0.175823,0.195657,1.785814,1.132946,0.408636,0.836508,0.341404,7.864197,1.39643,0.982095,8.044607,0.620217,4.907351,0.0,0.024734,0.0,0.0,0.021993,0.045409,0.0,0.0,0.0,0.0,0.0,0.0,0.0,0.0,0.0,0.0,0.0,0.0,5.510766,9.224772,8.149548,7.246206,11.423861,14.845513,0.150858,2.494627,1.328915,0.181107,1.384249,1.820228,0.0,0.0,0.141196,1.319463,0.0,0.973924,0.0,0.0,0.0,0.0,0.0,0.0,0.0,0.0,0.0,0.0,0.0,0.0,0.0,0.0,0.0,0.0,0.0,0.0,1.441803,0.282502,0.0,0.737284,0.0,0.0,0.0,0.0,0.0,0.0,0.0,0.0,0.0,0.0,0.482025,0.0,0.186394,0.0,0.0,0.0,0.0,0.0,0.0,0.0,63.525597,19.547966,35.679413,99.039574,87.541161,26.73283,0.0,0.0,0.0,0.0,0.0,0.0,0.0,0.0,0.0,0.0,0.0,0.0,2.763916,10.906279,0.901069,2.054243,0.0,2.013712
Blood,1.386684,1.594017,0.943137,0.975771,1.767641,0.046227,1.9424,27.584078,5.881282,0.193914,1.412823,0.89401,0.0,0.0,0.0,0.0,0.0,0.0,0.0,0.0,0.0,0.0,0.0,0.0,0.0,0.0,0.0,0.0,0.0,0.0,0.825661,0.738591,0.100724,0.050077,0.213375,0.190006,0.0,0.0,0.54462,0.0,0.0,1.523385,0.0,0.750423,0.037987,0.875182,0.0,0.133312,0.0,0.0,0.0,0.0,0.0,0.0,0.0,0.0,0.0,0.228896,0.150337,0.0,31.349619,21.009216,77.00106,33.751369,6.967991,9.135808,0.0,0.0,0.0,0.0,0.0,1.6006,0.0,0.0,0.0,0.0,0.0,0.0,0.0,0.0,1.351287,0.0,0.0,0.0,0.0,0.0,0.0,0.529571,0.0,0.0,0.442184,1.009753,0.0,0.883619,3.724041,4.721817,0.0,0.0,0.0,0.0,0.0,0.0,0.0,0.0,0.0,0.0,0.0,0.0,190.28775,61.005611,241.745544,165.903152,422.394684,1303.502563,0.0,0.102247,0.060299,0.392137,1.668121,0.349257,0.0,0.917248,0.0,0.0,0.0,16.49976,0.633061,0.888179,13.035475,5.790308,12.102545,9.268935,2.182503,0.210604,0.480789,0.0,0.461932,0.32295,1.476742,0.15744,0.453525,1.149467,1.354159,1.766802,0.0,0.0,0.0,0.0,0.0,0.0,8.961893,4.278896,3.290452,107.507881,1.484639,56.98724,0.926416,0.782009,3.082885,0.0,0.0,0.371644,11.954282,0.0,2.242503,1.206866,0.0,0.454564,0.0,0.0,0.0,0.0,0.0,0.0,0.0,0.0,0.0,0.0,0.0,0.0,0.0,0.0,0.0,0.0,0.0,0.0,0.0222,0.0,0.0,0.0,0.0,0.041246,0.902201,5.799313,1.000779,0.951121,0.0,0.0,0.0,0.0,0.0,0.0,0.0,0.0,0.0,0.0,0.0,0.0,0.0,0.0,0.0,0.0,0.0,0.0,0.0,0.0,0.0,0.0,0.0,0.0,0.0,0.0,0.08979,4.339135,0.278051,0.0,0.0,0.0,0.721068,0.978781,0.0,0.869491,0.218044,2.279408,0.0,0.13841,0.0,0.154097,0.598721,0.0,0.0,0.0,0.0,0.0,0.0,0.0,0.0,0.0,0.0,0.0,0.0,0.0,0.0,0.0,0.0,0.0,0.0,0.0,0.764406,0.0,0.0,0.688931,0.449517,0.0,0.0,0.0,0.429001,0.199426,0.125104,0.0,8.59038,1.419288,0.0,0.0,4.339854,0.820309,0.0,0.0,0.0,0.0,0.0,0.0,0.8427,3.106148,0.765634,0.517209,1.906063,6.864569,0.0,0.0,0.0,0.0,0.0,0.0,0.0,0.0,0.0,0.0,0.475514,0.0,0.0,0.0,0.0,0.0,0.0,0.0
Bladder,2.111384,3.398339,0.919272,1.87794,4.115949,5.237683,21.250761,17.217316,16.797642,28.294607,14.842037,25.176922,0.0,0.0,0.0,0.0,0.0,0.0,0.0,0.0,0.0,0.0,0.0,0.0,0.0,0.0,0.0,0.0,0.0,0.0,48.412785,74.806007,18.046049,0.269894,666.257141,114.928108,0.841752,0.524196,0.459771,0.410412,0.0,0.837436,0.073894,0.086789,0.130678,0.0,0.256501,0.057909,0.0,0.0,0.0,0.0,0.0,0.0,0.0,1.289191,0.0,2.076554,0.730179,0.825219,31.442049,25.569923,23.241432,23.689474,20.947535,22.059492,1.199566,0.21121,0.0,2.462368,2.082255,0.0,0.0,0.0,0.0,0.0,0.0,0.0,3.199653,0.691725,2.817369,1.049063,0.0,1.308224,0.0,1.993921,0.0,2.277251,6.413607,2.958559,0.873598,2.103288,1.108801,0.470746,0.29186,1.152398,0.0,0.0,0.0,0.0,0.0,0.0,0.0,0.0,0.0,0.0,0.0,0.0,279.410248,407.219635,374.877899,188.973755,329.263245,351.956116,0.933018,0.536676,3.48374,1.670705,2.140443,2.768807,0.0,0.0,0.0,0.0,1.294478,0.0,115.227852,227.336685,82.958916,107.015526,72.482269,128.964401,0.785526,0.197186,1.311037,0.898253,0.323653,0.943644,0.898253,1.077394,0.323653,0.506993,0.0,0.943644,0.0,0.0,0.0,0.0,0.0,0.0,38.839157,10.454889,32.551186,22.765074,23.638306,20.576405,1.487389,0.962758,1.854736,0.632205,3.313524,2.846648,1.343378,14.980807,4.5463,17.952898,22.084507,11.404744,0.0,0.0,0.075501,0.0,0.0,0.0,0.0,0.0,0.0,0.0,0.0,0.0,0.0,0.0,0.0,0.0,0.0,0.0,0.053238,0.0,0.122098,0.122631,0.112971,0.080196,0.316847,1.876587,0.461795,0.465377,2.013025,1.220316,2.509653,6.656249,6.851849,3.860418,1.753188,9.69227,0.020376,0.0,0.0,0.021742,0.0,0.0,0.0,0.0,0.0,0.0,0.0,0.0,0.0,0.0,0.0,0.0,0.0,0.0,5.307167,6.735256,4.786738,2.64544,4.911487,2.763865,0.391707,2.382256,0.387093,2.014184,1.163901,2.195313,0.0,0.0,0.0,0.0,0.0,0.0,0.0,0.0,0.0,0.0,0.0,0.0,0.0,0.0,0.0,0.0,0.0,0.0,0.0,0.0,0.0,0.0,0.0,0.0,1.084866,0.0,0.250493,0.405523,0.293295,0.301981,0.0,0.0,0.0,0.0,0.0,0.0,0.0,0.0,0.0,0.0,0.289177,0.0,0.0,0.0,0.0,0.0,0.0,0.0,21.850569,56.397846,39.329498,74.574661,13.211025,85.367432,0.0,0.0,0.0,0.0,0.0,0.0,0.0,0.0,0.0,0.0,0.0,0.0,0.036267,1.517842,0.0,0.0,0.0,0.0
Liver,1.356729,0.339936,3.70561,1.339339,0.427651,1.833512,4.14489,3.880435,8.383192,0.826972,9.843582,1.796584,0.0,0.0,0.0,0.0,0.0,0.0,0.0,0.0,0.0,0.0,0.0,0.0,0.0,0.0,0.0,0.0,0.0,0.0,0.065731,0.260169,0.294038,0.667438,0.101725,0.114346,0.0,0.0,0.0,0.229649,0.0,0.0,0.059714,0.0,0.055856,0.0,0.0,0.06492,0.0,0.0,0.0,0.0,0.0,0.0,0.122675,0.0,0.380406,0.0,0.583602,0.0,7.518958,11.15136,7.070051,8.00111,3.506974,7.109701,1.203844,0.807584,1.236666,0.549923,0.0,0.0,0.0,0.0,0.0,0.0,0.0,0.0,0.706581,0.583514,1.147173,2.615663,0.909425,0.916291,0.0,1.817452,0.0,0.0,0.090716,0.0,0.0,0.0,0.0,0.0,0.0,0.0,0.0,0.0,0.0,0.0,0.0,0.0,0.0,0.0,0.0,0.0,0.0,0.0,203.146942,103.641388,87.886429,20.798256,129.561966,34.695229,0.379085,0.726998,1.273489,0.558687,0.585578,1.680235,0.0,0.0,0.0,0.0,0.0,0.0,17.913536,41.471138,55.849453,124.455757,32.587406,208.410309,0.185711,0.188512,0.684102,0.193379,0.0,0.0,0.0,0.0,0.0,0.0,0.0,0.0,0.0,0.0,0.0,0.0,0.0,0.0,0.0,2.326216,0.0,0.0,0.0,0.0,3.345017,0.046255,1.855538,1.385559,2.735157,0.2594,0.0,0.0,0.0,1.824211,0.0,0.0,0.0,0.0,0.0,0.0,0.0,0.0,0.020202,0.020782,0.0,0.028791,0.0,0.0,0.0,0.0,0.0,0.0,0.0,0.0,0.0,0.059017,0.014576,0.0,0.0,0.055705,0.697035,1.02636,0.595012,1.071087,1.334908,1.443874,0.0,0.597087,3.696698,0.0,1.818537,0.904727,0.021926,0.0,0.0,0.0,0.0,0.0,0.0,0.0,0.0,0.0,0.0,0.0,0.0,0.0,0.0,0.0,0.0,0.0,2.601596,1.847288,1.460221,3.88716,4.207363,2.909872,0.341219,0.581437,0.66632,0.0,0.0,0.193497,0.0,0.276428,0.0,0.391724,0.0,0.029482,0.0,0.0,0.0,0.0,0.0,0.0,0.0,0.0,0.0,0.0,0.0,0.0,0.0,0.0,0.0,0.0,0.0,0.0,0.223799,0.919216,0.130645,0.284648,0.0,0.0,0.0,0.0,0.0,0.0,0.0,0.0,0.0,0.0,0.251103,0.0,0.0,0.0,0.0,0.063668,0.0,0.0,0.0,0.0,28.715178,7.58955,3.783337,3.156299,1.911033,2.362762,0.0,0.0,0.0,0.0,0.0,0.0,0.0,0.0,0.0,0.0,0.0,0.0,0.0,0.0,0.0,0.0,0.0,0.0
Colon,6.092225,4.425905,11.542976,5.586655,2.316159,3.208741,11.179695,5.987882,17.871582,4.497033,23.366072,11.491657,0.0,0.0,0.0,0.0,0.0,0.0,0.0,0.0,0.0,0.0,0.0,0.0,0.0,0.0,0.0,0.0,0.0,0.0,1.146652,1.351446,1.345767,2.116635,1.590262,0.917253,0.669141,0.0,0.485671,0.60752,0.503601,0.0,0.210607,0.0,0.20938,0.178418,0.098597,0.143642,0.0,0.0,0.0,0.0,0.0,0.0,1.153422,2.597052,0.619808,0.0,0.0,0.584942,36.666382,27.654835,11.649136,24.909313,8.608947,17.032104,2.379081,1.475744,0.477258,3.01335,1.422425,0.0,0.0,0.0,0.0,0.0,0.0,0.0,1.582067,0.0,3.451146,0.0,4.276943,2.139359,7.008848,4.487238,0.0,0.0,0.0,0.0,1.185695,1.211974,0.518264,0.337052,1.206519,0.0,0.0,0.0,0.0,0.0,0.0,0.0,0.0,0.0,0.0,0.0,0.0,0.0,149.295288,203.242081,194.676758,192.793961,147.799622,205.976974,1.079952,1.862127,0.19604,0.394799,0.067849,0.229663,0.0,0.0,0.785386,1.001082,2.785511,0.0,48.276558,68.325516,51.285709,36.916481,79.813858,54.443851,1.555304,1.519516,2.788037,1.135037,1.644517,1.071138,0.36937,2.004914,0.0,0.426071,3.767708,2.176813,0.0,0.0,0.0,0.0,0.0,0.0,48.59864,113.481239,75.669846,31.681433,0.0,7.399341,1.345665,8.524255,4.023778,1.216564,4.320557,2.313368,23.726057,0.687,0.876571,12.853765,5.972954,4.468674,0.0,0.0,0.0,0.0,0.0,0.0,0.029324,0.0,0.0,0.019501,0.0,0.0,0.0,0.0,0.0,0.0,0.0,0.0,0.091371,0.019623,0.023743,0.141224,0.085187,0.049822,0.260945,0.49807,1.121572,0.464934,0.581665,0.555053,0.388699,0.644717,0.891608,0.971391,0.61864,0.0,0.0,0.0,0.018288,0.055937,0.0,0.0,0.0,0.0,0.0,0.0,0.0,0.0,0.0,0.0,0.0,0.0,0.0,0.0,1.15158,2.056417,1.730215,1.462684,10.127029,12.506902,0.760045,0.315424,0.800602,1.764581,0.899525,1.096766,0.446268,0.0,0.0,0.0,0.0,0.544678,0.0,0.0,0.0,0.0,0.0,0.0,0.0,0.0,0.0,0.0,0.0,0.0,0.0,0.0,0.0,0.445044,0.0,0.0,0.323798,0.32236,0.0,0.0,0.663888,0.304518,0.0,0.0,0.0,0.0,0.0,0.0,0.166368,0.26559,0.0,0.0,0.0,0.0,0.0,0.0,0.0,0.0,0.0,0.0,38.38382,9.461865,28.181063,23.82807,85.4291,20.816023,0.0,0.0,0.0,0.0,0.0,0.0,0.0,0.0,0.0,0.0,0.0,0.0,0.0,0.0,0.758615,0.0,0.831677,0.0
Prostate,5.597434,2.306853,6.010231,5.997892,3.778828,4.350718,9.878013,22.54179,6.952392,21.933886,4.265201,29.041853,0.0,0.0,0.0,0.0,0.0,0.0,0.0,0.0,0.0,0.0,0.0,0.0,0.0,0.0,0.0,0.0,0.0,0.0,2.252334,6.195821,40.335632,2.233163,2.330052,1.600414,0.0,0.0,0.222062,1.135907,0.833067,0.508594,0.219497,0.208044,0.337679,0.100628,0.169456,0.066764,0.0,0.0,0.0,0.0,0.0,0.0,0.812168,0.0,0.319192,0.0,0.27802,3.616528,34.711098,28.167459,25.601145,28.564775,30.922527,25.912117,0.0,0.527311,0.0,0.186333,0.0,0.0,0.0,0.0,0.0,0.0,0.0,0.0,1.47315,5.923713,10.561519,9.718366,6.473613,18.947618,0.0,7.545471,1.845609,0.752715,0.0,0.0,0.539633,0.338152,0.0,0.0,0.285554,1.099379,0.0,0.0,0.0,0.0,0.0,0.0,0.0,0.0,0.0,0.0,0.0,0.0,313.173004,370.925201,223.296814,206.151581,169.372055,238.688354,2.379375,1.466184,1.942215,2.555003,0.894168,1.029692,0.0,0.778648,0.402377,0.0,0.0,3.115023,93.882645,83.599884,65.664078,34.382744,39.727837,31.859701,0.33077,1.762567,1.020666,0.885146,0.0,1.283532,0.0,0.542426,0.647812,0.664335,0.431708,1.283532,0.0,0.0,0.0,0.0,0.0,0.0,27.197817,64.076683,16.016943,32.918869,115.120163,51.140339,4.182486,0.0,4.427162,5.188757,9.994143,5.056558,2.462712,5.613152,0.0,13.401569,3.754373,12.704831,0.0,0.0,0.0,0.0,0.037986,0.056965,0.0,0.015077,0.0,0.0,0.0,0.03137,0.0,0.0,0.0,0.0,0.0,0.0,0.136673,0.070701,0.052457,0.017635,0.17945,0.079038,2.794278,2.383911,0.656282,0.567672,1.133138,2.486391,0.0,8.208356,0.396162,0.0,0.348943,0.758833,0.01498,0.022792,0.0,0.024756,0.036259,0.018755,0.0,0.0,0.0,0.0,0.0,0.0,0.0,0.0,0.0,0.0,0.0,0.0,5.31775,3.885319,8.634843,3.571797,5.987803,9.392232,0.894046,0.966695,3.333736,0.810985,0.660852,1.313699,0.0,2.103347,0.0,0.0,0.0,0.231077,0.0,0.0,0.0,0.0,0.0,0.0,0.0,0.0,0.0,0.0,0.0,0.0,0.0,0.0,0.0,0.0,0.0,0.0,0.0,0.0,0.233797,0.0,0.0,0.298175,0.0,0.0,0.0,0.0,0.0,0.0,0.0,0.0,0.0,0.0,0.0,0.0,0.0,0.0,0.0,0.0,0.0,0.0,11.431993,15.551809,26.619272,17.69582,47.999638,19.147068,0.0,0.0,0.0,0.0,0.0,0.0,0.0,0.0,0.0,0.0,0.0,0.0,0.624507,0.0,3.831368,0.0,0.0,0.0
Breast,2.477939,1.207001,5.122583,3.098786,4.906743,0.367892,24.712835,34.603462,22.239019,76.865326,50.570587,54.307087,0.0,0.0,0.0,0.430272,0.0,0.0,0.074106,0.0,0.0,0.0,0.0,0.0,0.0,0.0,0.0,0.0,0.0,0.0,0.226681,0.585067,0.113354,0.488197,3.423817,0.237495,0.416242,0.280367,0.586769,0.331136,0.831969,0.336403,0.073622,0.058743,0.473925,0.115016,0.0,0.057165,0.0,0.0,0.0,0.0,0.0,0.0,0.606089,4.758405,0.569172,0.0,1.634347,0.0,23.724245,19.513531,18.991209,22.742029,21.348728,16.904234,0.264581,0.0,0.404476,0.0,0.013708,0.0,0.0,0.0,0.0,0.0,0.0,0.0,0.0,0.0,2.858543,0.0,2.296044,7.909898,5.004501,0.0,0.0,1.465088,0.0,3.027385,0.583468,0.768399,0.58882,0.682293,0.67449,0.0,0.0,0.0,0.0,0.0,0.0,0.0,0.0,0.0,0.0,0.0,0.0,0.0,145.039368,327.104156,157.865082,595.079407,278.128723,147.857941,0.437104,0.313278,2.04218,1.588063,1.89453,0.31329,0.0,0.357564,0.754885,0.0,0.0,0.0,39.794834,52.140938,425.036652,65.10466,188.30423,75.07016,3.008562,0.839986,1.096076,3.617044,4.084578,1.547045,0.0,2.441789,0.0,0.270858,1.1239,0.889191,0.0,0.0,0.0,0.0,0.0,0.0,24.502855,38.38982,29.725513,19.684296,31.130445,35.309414,7.660742,2.247193,5.640077,4.570154,1.502541,3.123074,20.663897,19.091866,8.20336,6.745969,28.167164,11.37485,0.0,0.0,0.0,0.0,0.0,0.0,0.0,0.0,0.0,0.0,0.0,0.0,0.0,0.0,0.0,0.0,0.0,0.0,0.04194,0.211648,0.104187,0.032617,0.018024,0.209913,0.647,0.465344,1.082405,0.650912,0.671977,3.865098,3.150764,0.0,0.462275,3.086704,3.436838,3.118499,0.021463,0.019461,0.017769,0.0,0.0,0.0,0.0,0.0,0.0,0.0,0.0,0.0,0.0,0.0,0.0,0.0,0.0,0.0,6.584869,14.054962,2.682196,2.016697,1.87036,4.082994,0.26203,1.123838,2.024751,0.819318,1.196677,1.843413,0.0,0.317852,0.0,0.054838,0.267245,0.0,0.0,0.0,0.0,0.0,0.0,0.0,0.0,0.0,0.0,0.0,0.0,0.0,0.0,0.0,0.0,0.0,0.0,0.0,0.0,0.318944,0.0,0.0,0.346755,0.655597,0.0,0.0,0.0,0.0,0.0,0.0,0.0,0.138937,0.0,0.0,0.0,0.0,0.0,0.0,0.0,0.0,0.0,0.0,53.062881,43.531532,52.109226,14.670167,23.750298,36.454239,0.0,0.0,0.0,0.477713,0.0,0.0,0.0,0.0,0.0,0.0,0.0,0.0,0.0,0.0,0.411737,1.360208,0.0,0.0
Blood Vessel,3.414191,3.141539,6.823807,14.864789,4.187244,3.061862,23.020821,12.681633,12.306389,21.520157,20.89052,20.091824,0.0,0.0,0.0,0.0,0.0,0.0,0.0,0.0,0.0,0.0,0.0,0.0,0.0,0.74791,0.0,0.0,0.0,0.0,80.959206,32.882977,20.184406,31.524837,38.981113,85.073074,0.542111,0.252176,0.0,0.638881,0.0,0.303018,0.116865,0.0,0.031518,0.115651,0.056475,0.190745,0.0,0.0,0.0,0.0,0.0,0.0,0.446565,1.685095,0.0,2.976442,0.460239,5.010493,49.936333,37.153812,27.657553,21.201895,35.163139,27.205976,0.214896,0.017019,0.363686,0.0,0.424812,0.0,0.0,0.0,0.0,0.0,0.0,0.0,1.266488,0.0,3.065467,1.85412,4.921285,1.713095,0.0,0.0,5.305758,0.0,1.525642,0.0,1.25304,0.817786,0.357473,0.433967,0.736287,0.499783,1.021677,0.0,1.939353,0.0,0.0,0.0,0.0,0.0,0.0,0.0,0.0,0.0,130.860748,48.610435,186.758636,196.894287,110.441833,80.410118,0.544855,0.186435,0.346598,2.117905,0.833986,4.933882,0.0,0.0,0.0,0.0,0.0,0.0,314.234344,37.230209,48.132896,70.750412,37.310543,48.331104,2.358515,10.934346,5.005166,6.868811,9.119211,5.916016,8.105999,2.020107,6.89872,0.979026,4.597988,10.101625,0.0,0.0,0.0,0.0,0.0,0.0,0.0,3.666597,67.847328,73.19384,14.239734,112.047615,0.720679,2.679857,1.261991,1.488084,1.562309,6.64313,9.886912,2.008057,3.462916,4.901169,3.420063,0.0,0.0,0.0,0.0,0.0,0.0,0.04434,0.0,0.0,0.0,0.0,0.014825,0.026709,0.0,0.0,0.0,0.0,0.0,0.0,0.346564,0.0,0.403515,0.172879,0.065521,0.022043,0.531228,0.302548,0.248867,0.283586,0.239939,1.47493,5.853254,1.55637,10.040339,1.339633,4.813982,1.913527,0.026913,0.047023,0.0,0.0,0.0,0.041139,0.0,0.0,0.0,0.0,0.0,0.0,0.0,0.0,0.0,0.0,0.0,0.0,3.196461,1.832104,4.852979,8.695463,7.568197,5.832869,0.48586,1.148941,0.860618,0.8857,0.774874,2.327536,0.372531,0.0,0.152306,0.072544,0.530948,0.0,0.0,0.0,0.0,0.0,0.0,0.0,0.0,0.0,0.0,0.0,0.0,0.0,0.0,0.213435,0.0,0.0,0.0,0.0,0.0,0.0,0.0,0.226446,0.250735,0.0,0.0,0.0,0.0,0.0,0.0,0.0,0.0,0.0,0.228527,0.0,0.0,0.0,0.0,0.0,0.0,0.0,0.0,0.0,47.804092,26.673227,17.105175,25.207047,6.726259,43.911888,0.0,0.0,0.0,0.0,0.0,0.0,0.0,0.0,0.0,0.0,0.0,0.0,0.0,0.0,1.04642,0.0,0.0,0.0
Spleen,3.939742,2.613024,10.188067,8.893414,2.088971,5.503889,11.432689,12.533565,14.216954,21.48369,17.456728,2.237628,0.0,0.0,0.0,0.0,0.0,0.0,0.0,0.0,0.0,0.0,0.0,0.0,0.0,0.0,0.0,0.0,0.0,0.0,0.744366,7.082498,1.112838,0.597837,0.183945,1.850427,0.0,0.998376,0.903495,0.482197,0.789675,0.0,0.085735,0.148463,0.011533,0.0,0.076044,0.07558,0.0,0.0,0.0,0.0,0.0,0.0,0.357849,0.65387,1.309097,0.0,0.0,0.0,32.718449,31.853609,45.977722,38.811195,45.001686,51.927193,0.517772,1.135645,0.0,0.057728,0.11045,0.0,0.0,0.0,0.0,0.0,0.0,0.0,4.962684,0.918909,0.0,0.928759,1.197867,0.86486,0.0,1.713618,0.0,1.568312,0.0,0.0,0.850711,0.384563,0.0,0.721968,0.224743,1.416527,0.0,0.0,0.0,0.0,0.0,0.0,0.0,0.0,0.432599,0.0,0.236259,0.0,359.464294,329.227875,393.642426,607.455994,519.283203,429.703796,0.26468,0.448819,0.692492,0.300343,0.720397,0.697499,1.877955,0.0,1.501695,0.0,0.0,0.0,10.659339,8.638288,17.657534,18.276941,15.841922,16.021358,1.72316,5.300299,1.427181,1.232318,2.095028,2.74186,2.045289,3.029117,6.521481,1.986212,1.612877,2.149104,0.0,0.0,0.0,0.0,0.0,0.0,19.527822,0.086601,17.981995,0.0,23.900446,29.175303,0.3176,0.46887,4.863334,3.110821,0.916936,6.085634,4.451209,18.601801,11.930423,11.728992,0.0,0.71502,0.0,0.0,0.0,0.0,0.0,0.0,0.0,0.0,0.019838,0.032081,0.0,0.0,0.0,0.0,0.0,0.0,0.0,0.0,0.102594,0.068415,0.16913,0.121897,0.148551,0.103139,1.234929,0.588993,0.664559,0.506349,1.728928,1.155527,0.351984,0.675901,1.780714,0.403497,4.874218,0.759554,0.014432,0.0,0.0,0.03579,0.025262,0.032082,0.0,0.0,0.0,0.0,0.0,0.0,0.0,0.0,0.0,0.0,0.0,0.0,3.85167,3.166401,3.53699,1.690493,1.577671,1.039538,0.340706,1.25055,2.441405,0.0,0.937665,2.468496,0.0,0.133167,0.0,0.10321,0.185679,0.0,0.0,0.0,0.0,0.0,0.0,0.0,0.0,0.0,0.0,0.0,0.0,0.0,0.0,0.0,0.0,0.0,0.0,0.0,0.0,0.0,0.524227,0.0,0.0,0.0,0.0,0.0,0.0,0.0,0.0,0.0,0.817676,1.620008,1.291821,5.756895,1.492425,2.229235,0.0,0.0,0.0,0.0,0.0,0.0,7.409763,14.837668,25.591455,22.761765,11.990967,11.413323,0.0,0.0,0.0,0.0,0.0,0.0,0.0,0.0,0.0,0.0,0.0,0.0,0.0,1.465147,0.0,0.0,0.0,0.648985
Small Intestine,2.896552,3.240031,1.237585,1.003006,1.031629,1.390593,3.270721,11.36418,43.197601,17.534307,12.507946,17.133045,0.0,0.0,0.0,0.0,0.0,0.0,0.0,0.0,0.0,0.0,0.0,0.0,0.0,0.0,0.0,0.0,0.0,0.0,0.458184,0.743627,0.402744,0.348453,0.588917,0.224912,0.309212,0.0,0.158986,0.0,1.011755,0.400263,0.0,0.257318,0.328566,0.056197,0.175809,0.0,0.0,0.0,0.0,0.0,0.0,0.0,2.479355,0.0,1.262858,0.395074,0.0,1.039563,12.864108,30.061281,21.219057,12.980205,24.565632,25.062447,1.166953,0.0,1.093366,2.654779,1.616395,1.695108,0.0,0.0,0.0,0.0,0.0,0.0,5.948874,1.435845,3.933532,0.0,3.165608,4.055304,8.786463,0.221547,0.0,4.346768,0.859208,0.0,0.51335,1.41163,1.071888,0.0,0.503587,1.464566,0.0,0.0,0.0,0.0,0.0,0.0,0.0,0.0,0.0,0.0,0.0,0.0,124.698784,230.258743,398.255249,140.232086,157.133438,130.274277,0.233273,0.624297,0.41516,0.625011,0.942922,2.240559,1.521504,1.354061,1.294158,0.0,1.815881,0.962275,27.278536,52.448006,25.107555,44.074184,34.593613,28.593637,0.403911,2.151759,2.007508,0.621321,1.477543,2.766937,2.505217,1.174471,1.093605,0.242685,0.912309,0.977318,0.0,0.0,0.0,0.0,0.0,0.0,7.432142,14.717625,15.192625,29.325453,0.0,12.131533,1.163597,0.46249,2.088695,1.720485,3.910937,0.903058,0.0,4.923537,2.497925,31.23035,1.463245,0.603252,0.0,0.0,0.0,0.050046,0.0,0.0,0.0,0.0,0.0,0.0,0.0,0.0,0.0,0.0,0.0,0.0,0.0,0.0,0.017632,0.053359,0.052717,0.068561,0.0,0.040525,1.169592,0.883487,1.127201,0.751304,0.675108,1.055318,9.73209,6.146071,0.957542,0.401536,4.798454,4.767624,0.0,0.0,0.017409,0.0,0.0,0.0,0.0,0.0,0.0,0.0,0.0,0.0,0.0,0.0,0.0,0.0,0.0,0.0,6.133713,6.043418,8.523396,2.247672,3.919651,6.403326,1.590603,1.547,0.209634,4.187831,0.564259,2.673452,0.0,0.0,0.0,0.0,0.687668,0.0,0.0,0.0,0.0,0.0,0.0,0.0,0.0,0.0,0.0,0.0,0.0,0.0,0.101104,0.0,0.0,0.311637,0.0,0.0,0.564401,0.781635,0.0,0.335441,0.0,0.0,0.0,0.0,0.096181,0.172139,0.0,0.0,0.015202,0.0,0.0,2.976655,0.822661,1.069934,0.0,0.0,0.0,0.0,0.0,0.0,35.279926,42.506886,66.514099,38.372108,125.334854,40.326473,0.0,0.0,0.0,0.0,0.0,0.0,0.0,0.0,0.0,0.0,0.0,0.0,0.0,0.0,1.362652,0.0,0.0,1.866601
Uterus,2.55353,3.425567,3.694671,2.927416,5.967724,3.160781,15.70137,24.791555,32.844658,43.102318,28.957018,25.439739,0.0,0.0,0.0,0.0,0.0,0.0,0.056559,0.0,0.0,0.0,0.0,0.0,0.0,0.0,0.0,0.0,0.0,0.0,1.107966,0.362289,0.610834,1.558938,1.306664,0.99101,1.002829,0.189347,0.970451,1.899005,0.344084,0.402906,0.05487,0.360641,0.19307,0.152446,0.113683,0.0,0.0,0.0,0.0,0.0,0.0,0.0,0.98331,2.408946,0.0,4.09849,0.0,3.645111,30.599142,22.097368,17.035526,31.162058,19.74131,22.201689,0.0,0.0,0.445036,0.0,0.0,0.0,0.0,0.0,0.0,0.0,0.0,0.0,0.0,8.230377,0.0,2.459105,9.909941,0.0,0.0,0.0,4.627774,3.446102,2.130296,1.945859,0.0,0.509863,1.921392,0.0,0.0,0.0,0.0,0.0,0.0,0.0,0.0,0.0,0.0,0.0,0.0,0.0,0.0,0.0,169.596756,58.872593,132.835068,239.465363,262.12323,92.250771,0.740229,1.874959,0.454039,0.860757,1.067366,1.934119,0.0,0.0,0.0,0.0,0.0,0.0,89.44014,91.897652,50.338856,40.179115,43.619873,157.788055,0.153643,2.376059,2.054118,1.740847,2.780141,3.471733,2.35658,9.655711,4.678015,2.815027,2.982533,2.780141,0.0,0.0,0.0,0.0,0.0,0.0,27.841255,5.329368,34.421001,90.879807,33.946579,40.652351,0.588482,0.632884,3.980677,2.601799,1.633669,0.0,3.375995,11.96124,1.923892,10.622273,2.759754,5.69082,0.101728,0.0,0.0,0.0,0.0,0.0,0.0,0.0,0.0,0.0,0.0,0.0,0.0,0.0,0.0,0.0,0.0,0.0,0.100824,0.243178,0.05232,0.149964,0.159281,0.04408,0.143252,0.534967,0.295382,0.649185,0.304719,0.623808,2.847288,0.728054,1.155496,2.860066,4.665743,0.0,0.025835,0.076988,0.015694,0.0,0.0,0.0,0.0,0.0,0.0,0.0,0.0,0.0,0.0,0.0,0.0,0.0,0.0,0.0,10.625291,14.424061,9.331268,12.390306,6.81746,4.214625,1.776817,1.252506,0.488437,0.280781,0.915637,1.224672,0.0,0.0,0.0,0.0,0.0,0.0,0.0,0.0,0.0,0.0,0.0,0.0,0.0,0.0,0.0,0.0,0.0,0.0,0.0,0.0,0.166664,0.0,0.0,0.0,0.64933,0.883349,0.34324,0.0,1.146923,0.917927,0.0,0.0,0.0,0.0,0.0,0.0,0.0,0.0,0.0,0.294262,0.0,2.327314,0.0,0.0,0.0,0.0,0.0,0.0,46.801052,43.114182,40.381992,12.553396,58.73595,16.1022,0.0,0.0,0.0,0.0,0.0,0.0,0.0,0.0,0.0,0.0,0.0,0.0,0.0,0.0,0.146597,0.438975,0.0,0.0
Ovary,3.35731,1.261833,6.637346,1.872975,7.011889,2.999724,15.448562,22.41164,13.464177,19.581663,29.022688,32.79657,0.0,0.0,0.0,0.0,0.0,0.0,0.0,0.0,0.0,0.0,0.0,0.0,0.0,0.0,0.332407,0.0,0.0,0.0,1.436638,0.280178,2.299004,0.270291,0.747167,0.231518,1.119778,0.538642,0.458896,0.892919,1.017339,0.746623,0.166083,0.139708,0.067259,0.127578,0.134603,0.131593,0.0,0.0,0.0,0.0,0.0,0.0,2.125839,1.901395,4.187431,1.245434,4.271315,0.0,19.117329,31.317686,25.565989,25.064861,27.955725,19.604778,0.0,0.0,0.0,0.0,0.0,0.0,0.0,0.0,0.0,0.0,0.0,0.0,0.51626,2.577868,2.537719,3.320732,3.759258,0.791027,2.644426,0.0,1.783558,0.0,0.0,5.42467,0.0,2.03191,1.158315,1.141931,0.757602,0.558408,0.0,0.0,0.0,0.0,0.0,0.0,0.0,0.0,0.0,0.0,0.0,0.0,215.338425,343.574615,296.710999,622.046143,359.733124,357.610931,1.195505,2.397966,1.579837,1.387054,2.51262,0.085897,0.0,0.0,0.0,0.0,0.0,0.0,51.468468,103.36451,180.904175,135.802536,94.978745,60.125793,0.250911,4.821385,0.167504,0.616522,0.410712,0.0,0.419771,0.54438,0.230489,1.15634,0.696788,1.025957,0.0,0.0,0.0,0.292954,0.0,0.0,43.396339,0.0,54.70211,16.341562,35.506168,51.646217,5.439717,3.579679,1.063311,3.233407,0.949469,5.937491,4.712419,1.242602,6.560615,24.193796,10.638414,1.883482,0.0,0.0,0.0,0.0,0.0,0.0,0.0,0.0,0.0,0.0,0.0,0.0,0.0,0.0,0.0,0.0,0.0,0.0,0.065878,0.048701,0.228515,0.069195,0.134219,0.165064,1.080152,1.97903,0.794634,1.933299,2.535347,1.477525,4.08694,1.496528,0.800923,1.852491,2.374424,0.391426,0.111875,0.038197,0.0,0.076571,0.044379,0.0,0.0,0.0,0.0,0.0,0.0,0.0,0.0,0.0,0.0,0.0,0.0,0.0,8.906115,15.973904,6.808604,12.091268,13.214344,6.115134,1.816839,1.381019,0.675593,1.893845,0.95795,1.458457,1.418157,1.02671,0.936366,0.0,0.0,0.394746,0.0,0.0,0.0,0.0,0.0,0.0,0.0,0.0,0.0,0.0,0.0,0.0,0.247617,0.0,0.297165,0.0,0.259401,0.0,0.285913,0.375606,0.0,0.290206,0.3916,0.0,0.0,0.0,0.0,0.0,0.0,0.0,0.0,0.0,0.0,0.0,0.0,0.0,0.0,0.0,0.0,0.439586,0.0,0.0,56.909496,50.551266,17.748114,41.273243,63.080746,55.237656,0.0,0.0,0.0,0.0,0.0,0.0,0.0,0.0,0.0,0.0,0.0,0.0,0.0,0.0,0.015372,0.0,0.0,0.0
Muscle,1.980923,4.254999,3.778348,2.674878,1.175914,0.475472,6.620536,3.59171,9.18749,3.819072,10.788677,22.286461,0.0,0.0,0.0,0.0,0.0,0.0,0.0,0.050887,0.0,0.0,0.0,0.0,0.0,0.0,0.0,0.0,0.0,0.0,64.635033,11.472497,27.094147,24.581507,115.861237,4.813208,2.24326,3.299304,45.178352,5.927602,1.571931,2.905137,0.0,0.0,0.0,0.0,0.050808,0.14297,0.0,0.0,0.0,0.0,0.0,0.0,0.0,1.567666,1.080044,1.337692,0.066194,1.905668,6.472808,11.096331,7.040126,7.94532,7.607963,9.069761,0.0,0.0,0.0,0.0,0.0,0.0,0.0,0.0,0.0,0.0,0.0,0.0,0.0,0.0,0.73335,0.0,0.0,0.0,0.0,0.0,0.0,0.0,3.638181,0.0,1.248723,2.525758,1.115788,2.123654,7.135478,3.092814,0.0,0.0,0.0,0.0,0.0,0.0,0.0,0.0,0.0,0.0,0.0,0.0,159.238098,41.076778,106.009956,39.781193,60.648418,218.360336,1.386877,0.0,0.509884,0.553637,0.375262,0.094546,0.0,0.0,0.0,0.0,0.0,0.0,29.49094,71.2528,34.197147,41.46019,25.432423,31.793615,0.236868,0.0,0.94285,0.0,0.441888,1.835542,0.153343,0.331746,1.280745,0.492894,0.0,0.0,0.0,0.0,0.0,0.0,0.0,0.0,78.906845,109.835564,40.091331,63.784184,1.098628,96.388741,0.048445,0.998036,1.342143,0.555802,0.888944,1.09123,1.811684,0.383328,0.0,0.0,0.620128,0.54095,0.0,0.0,0.0,0.0,0.0,0.0,0.0,0.0,0.0,0.0,0.0,0.0,0.0,0.0,0.0,0.0,0.0,0.0,0.0,0.028609,0.0,0.03703,0.051147,0.083585,0.367964,1.393018,0.682572,1.906914,0.442978,1.509922,0.0,4.304413,0.0,0.3884,0.0,0.0,0.0,0.02175,0.0,0.0,0.0,0.0,0.0,0.0,0.0,0.0,0.0,0.0,0.0,0.0,0.0,0.0,0.0,0.0,0.0,0.232806,0.893977,0.300101,0.0,0.30679,0.329747,0.226091,0.0,0.234611,0.089517,0.393855,0.0,0.0,0.091664,0.479612,0.289053,0.247695,0.0,0.0,0.0,0.0,0.0,0.0,0.0,0.0,0.0,0.0,0.0,0.0,0.0,0.0,0.0,0.0,0.0,0.0,0.2664,0.0,0.257739,0.566338,0.0,0.67513,0.0,0.0,0.0,0.0,0.0,0.0,0.0,0.0,0.0,0.0,0.0,0.0,0.645919,0.0,0.0,0.0,0.0,0.0,2.437886,2.28187,2.631355,1.493067,3.006459,2.629299,0.0,0.0,0.0,0.0,0.0,0.0,0.0,0.0,0.0,0.0,0.0,0.0,0.465276,0.0,0.0,0.0,0.0,0.0
Nerve,5.472198,8.753826,9.842079,11.779739,5.541675,6.914526,39.143044,46.724251,37.881092,30.354761,72.302383,51.687992,0.0,0.0,0.0,0.0,0.0,0.0,0.0,0.0,0.0,0.0,0.0,0.0,0.0,1.314299,0.0,0.0,0.0,0.0,0.699316,0.527783,2.908936,1.30784,0.170439,0.376046,0.0,0.430935,0.154688,0.553708,0.478175,0.217867,0.0,0.109812,0.11978,0.06202,0.181275,0.074308,0.0,0.0,0.0,0.0,0.0,0.0,0.174215,0.988357,0.601135,1.971686,2.986922,1.530793,23.369234,29.950033,26.601952,32.509422,39.696304,35.042561,0.0,0.0,0.648338,0.0,0.0,0.0,0.0,0.0,0.0,0.0,0.0,0.0,1.562242,0.0,0.650772,1.420833,2.37476,0.0,0.0,0.0,0.0,0.0,0.0,2.395055,1.067956,0.68643,0.289549,0.485997,0.883298,0.332897,0.0,0.0,0.0,0.0,0.0,0.0,0.0,0.0,0.0,0.0,0.0,0.0,75.447594,192.402069,122.054977,149.098892,143.963318,108.923019,1.124374,0.917451,1.85089,1.013875,0.735254,1.485572,0.0,0.0,0.83967,0.0,0.0,0.0,70.252678,34.59227,77.863159,106.000786,70.326454,134.764603,2.11262,3.301239,2.27465,2.104085,1.022117,1.410857,1.489856,0.692129,2.54995,0.390979,2.530518,1.026436,0.0,0.0,0.0,0.0,0.271831,0.0,0.0,42.403271,48.376163,31.431061,33.336395,0.0,1.761321,0.964531,4.316142,0.447571,1.685592,0.272437,0.676856,0.0,9.19541,6.449371,0.0,1.962955,0.0,0.0,0.0,0.0,0.0,0.0,0.0,0.0,0.0,0.0,0.0,0.0,0.0,0.0,0.0,0.0,0.0,0.0,0.361261,0.072235,0.432563,0.312916,0.177622,0.318823,0.471739,0.859212,0.255269,0.467135,0.550001,0.290751,0.536228,0.855006,3.144218,1.1582,1.252059,1.844648,0.0,0.0,0.0,0.032433,0.020013,0.0,0.0,0.0,0.0,0.0,0.0,0.0,0.0,0.0,0.0,0.0,0.0,0.0,4.13159,3.754011,4.593158,3.69175,3.830105,4.178672,0.977091,1.253977,1.821916,1.320847,0.868966,0.651472,0.522153,0.0,0.0,0.0,0.499339,1.255354,0.0,0.0,0.0,0.0,0.0,0.0,0.0,0.0,0.0,0.0,0.0,0.0,0.504147,0.0,0.0,0.259122,0.0,0.0,0.645415,0.250548,0.0,1.185501,0.412329,0.0,0.0,0.0,0.0,0.0,0.0,0.0,0.0,0.0,0.931767,0.0,0.0,0.0,0.0,0.0,0.0,0.0,0.0,0.0,15.821351,17.79912,24.744671,15.546645,28.122837,28.742914,0.0,0.0,0.0,0.0,0.0,0.0,0.0,0.0,0.0,0.0,0.0,0.0,0.0,0.0,0.0,0.0,0.129203,0.762861
Adrenal Gland,5.330792,2.6785,2.44221,2.226836,2.039373,2.480136,14.040976,27.000172,3.206988,9.143281,12.702048,11.481681,0.0,0.0,0.0,0.0,0.0,0.0,0.0,0.0,0.0,0.0,0.0,0.0,0.0,0.0,0.0,0.0,0.0,0.0,1.066142,0.224885,0.369364,0.155321,0.0,3.265077,0.222998,0.531556,0.260485,0.379849,0.0,0.749158,0.12892,0.227119,0.461412,0.116724,0.249128,0.03938,0.0,0.0,0.0,0.0,0.0,0.0,1.730164,0.27458,1.450264,0.0,0.0,0.934661,8.937153,7.730647,13.960586,14.25481,14.901423,15.504734,0.900153,1.009455,0.401165,0.58783,0.539297,0.524495,0.0,0.0,0.0,0.0,0.0,0.0,0.0,0.979551,6.676896,0.0,0.0,1.590448,0.0,0.0,0.0,0.0,0.0,0.0,1.290082,0.0,0.959513,1.077318,0.417649,1.504958,0.0,0.0,0.0,0.0,0.0,0.0,0.0,0.0,0.0,0.0,0.0,0.0,280.672394,157.898285,237.325409,189.400513,458.666199,129.063354,0.89949,0.314271,0.553212,0.601222,0.589146,0.48999,1.719506,0.0,1.593742,0.0,0.0,1.792449,40.307468,12.116816,14.417109,10.998496,39.109772,25.976252,0.179521,3.560455,0.53199,2.125442,0.57915,1.347298,1.503707,1.346659,0.850086,0.205302,1.66778,2.238637,0.0,0.0,0.0,0.0,0.0,0.0,92.860107,60.234718,116.890182,85.841904,92.567055,128.778412,1.134625,4.395687,0.477933,5.753555,6.62568,5.970516,1.360136,3.402314,12.996943,2.402824,4.656162,1.439782,0.0,0.0,0.0,0.0,0.0,0.0,0.0,0.0,0.0,0.0,0.0,0.0,0.0,0.0,0.0,0.0,0.0,0.0,0.059142,0.072609,0.123744,0.017748,0.045095,0.256283,10.18772,0.398948,5.022403,9.463512,3.843637,3.282537,0.639683,0.0,0.0,5.086863,0.0,0.0,0.0,0.012772,0.0,0.021167,0.018412,0.0,0.0,0.0,0.0,0.0,0.0,0.0,0.0,0.0,0.0,0.0,0.0,0.0,1.821221,4.241609,2.211559,1.740894,1.004049,1.771282,0.497076,0.142598,1.879256,1.086871,0.0,1.878277,0.0,0.0,0.0,0.0,0.0,0.0,0.0,0.0,0.0,0.0,0.0,0.0,0.0,0.0,0.0,0.0,0.0,0.0,0.0,0.0,0.0,0.0,0.0,0.0,0.0,0.0,0.0,0.0,0.0,0.445723,0.0,0.0,0.0,0.0,0.0,0.0,0.0,0.0,0.0,0.0,0.0,0.0,0.0,0.0,0.0,0.0,0.0,0.0,22.204901,79.769112,67.801895,30.19906,66.186134,129.648315,0.0,0.0,0.0,0.0,0.0,0.0,0.0,0.0,0.0,0.0,0.0,0.0,1.546913,1.759904,1.946288,1.629401,0.0,1.946973
Brain,35.588352,13.81179,31.654089,32.274883,44.156986,19.265089,4.684878,13.491551,8.010937,0.0,5.860336,24.371637,0.0,0.0,0.0,0.0,0.0,0.0,0.0,0.0,0.0,0.0,0.0,0.0,0.0,0.0,0.0,0.0,0.0,0.492725,1.90079,1.917495,0.874501,0.800292,0.912379,3.007325,0.604593,0.471832,0.0,0.0,0.608843,0.0,0.06429,0.199203,0.182871,0.317341,0.19126,0.06037,0.0,0.0,0.0,0.0,0.0,0.0,1.160109,0.616582,1.713085,0.034506,0.58277,0.0,20.132843,17.369579,10.209645,7.239668,6.478027,6.79918,0.0,0.0,0.0,0.082468,0.17037,0.0,0.0,0.0,0.0,0.0,0.0,0.0,2.134383,1.175923,1.58256,0.0,0.947934,0.354395,0.0,0.0,0.0,0.0,0.0,0.0,0.521482,0.0,0.0,0.485126,0.129262,0.18851,0.0,0.0,0.0,0.0,0.0,0.0,0.0,0.0,0.0,0.0,0.0,0.0,17.130608,44.40427,52.615326,71.116707,29.986601,73.346626,1.041717,0.057669,0.513039,0.10842,0.586451,0.235775,0.0,0.0,0.0,0.0,0.0,0.0,10.326972,8.526083,97.955063,10.153901,72.780373,16.765594,0.67304,0.164251,0.392989,0.0,0.276204,0.257291,0.176316,0.0,0.450468,0.121722,0.308178,0.0,0.0,0.0,0.0,0.0,0.0,0.0,0.0,0.0,2.296724,1.17567,103.29982,70.036446,1.439134,0.742524,5.435391,1.679126,7.943937,1.722964,0.0,0.138014,0.0,0.0,3.352399,0.0,0.0,0.0,0.0,0.0,0.0,0.0,0.0,0.0,0.0,0.0,0.0,0.0,0.0,0.0,0.0,0.0,0.0,0.0,0.037089,0.643452,0.452098,0.300281,0.35274,0.036601,8.043129,8.674873,4.659369,1.973748,4.158886,9.465224,0.0,0.519134,0.0,0.0,0.0,0.324789,0.02399,0.0,0.0,0.0,0.043764,0.0,0.0,0.0,0.0,0.0,0.0,0.0,0.0,0.0,0.0,0.0,0.0,0.0,0.150703,0.425074,0.859057,0.10306,0.31651,0.1872,1.013959,0.315092,0.0,0.738173,0.0,0.341036,0.0,0.0,0.0,0.0,0.111528,0.0,0.0,0.0,0.0,0.0,0.0,0.0,0.0,0.0,0.0,0.0,0.0,0.0,0.274533,0.0,0.0,0.0,0.280766,0.826904,0.673267,0.884185,0.504774,0.22529,0.280442,0.626942,0.0,0.0,0.0,0.0,0.0,0.0,0.0,0.0,0.0,0.0,0.0,0.0,0.0,0.0,0.0,0.0,0.0,0.0,3.014613,27.328287,2.688134,4.60281,4.432655,10.834173,0.0,0.0,0.0,0.0,0.0,0.0,0.0,0.0,0.0,0.0,0.0,0.0,3.845432,1.710051,3.291692,1.566572,0.0,0.0
Salivary Gland,1.759553,1.469549,1.377028,0.651378,0.984883,2.764749,26.187063,13.018207,10.037264,32.666359,47.84259,34.722649,0.0,0.0,0.0,0.0,0.0,0.0,0.0,0.0,0.0,0.0,0.0,0.0,0.0,0.0,0.0,0.0,0.0,0.0,0.83413,0.32946,0.141198,122.712997,0.171851,0.992834,0.438518,0.800723,0.389651,0.235215,0.161867,0.207161,0.028681,0.0,0.275827,0.190041,0.159342,0.060384,0.0,0.0,0.0,0.0,0.0,0.0,1.458372,1.006824,1.165169,4.368733,0.903619,0.0,12.104497,14.039207,17.929087,21.21979,19.666985,17.820034,0.50855,0.0,0.0,0.0,0.538169,0.0,0.0,0.0,0.543239,0.0,0.0,0.0,0.0,0.690572,0.0,0.79265,0.603695,1.425604,0.0,0.358499,0.373408,0.0,0.0,0.0,0.175352,0.572043,0.514748,1.256681,2.078574,0.741976,0.0,0.0,0.0,0.0,0.0,0.0,0.77993,0.0,0.0,0.0,0.0,0.0,239.791977,165.647018,139.076614,182.732254,183.253738,253.766754,2.204937,0.939264,2.422631,1.692702,0.491223,0.979787,0.0,0.0,0.0,0.0,0.74746,1.063959,114.352829,49.061737,81.139847,39.78381,34.430508,22.170971,1.904352,3.089562,1.018037,2.657516,0.749765,0.850724,2.390465,2.905098,1.585314,1.093062,2.902204,2.044075,0.0,0.0,0.0,0.0,0.0,0.0,17.257355,35.475834,30.04253,44.21542,0.0,41.314396,5.053892,1.421879,0.916107,0.186739,1.049764,1.569079,2.324075,8.584377,10.757463,0.0,14.5591,0.0,0.179843,0.0,2.514885,0.0,0.0,0.086494,0.0,0.0,0.0,0.0,0.0,0.0,0.0,0.0,0.0,0.0,0.0,0.0,0.018474,0.055627,0.037668,0.111475,0.035083,0.104267,1.299871,0.688547,1.017876,1.607975,1.014101,0.93224,5.555222,9.937369,7.727096,0.789117,0.0,0.0,0.0,0.022228,0.0,0.018366,0.0,0.0,0.0,0.0,0.0,0.0,0.0,0.0,0.0,0.0,0.0,0.0,0.0,0.0,4.520915,6.904215,3.675341,10.241437,8.59662,5.058709,0.898718,0.250406,2.772624,0.606935,2.048546,0.0,0.058301,0.0,0.0,0.0,0.0,0.0,0.0,0.0,0.0,0.0,0.0,0.0,0.0,0.0,0.0,0.0,0.0,0.0,0.0,0.0,0.0,0.0,0.0,0.0,0.0,0.2622,0.0,0.25008,0.507465,0.221826,0.0,0.0,0.0,0.0,0.0,0.0,0.409085,0.0,0.0,0.0,0.293645,0.32082,0.0,0.0,0.0,0.0,0.0,0.0,47.996933,45.725819,87.53334,41.024738,40.809624,23.980989,0.0,0.0,0.0,0.0,0.0,0.0,0.0,0.0,0.0,0.0,0.0,0.0,0.0,0.0,0.0,0.0,0.0,0.528811
Lung,5.431543,3.966354,2.80935,4.212087,5.289832,1.816567,15.756802,38.025623,20.076633,24.953432,24.679079,19.414713,0.0,0.0,0.0,0.0,0.0,0.0,0.0,0.0,0.0,0.071957,0.0,0.0,0.0,0.022589,0.0,0.0,0.505781,0.0,0.914767,11.206914,0.148841,0.710057,0.0,0.346393,0.209088,0.0,0.658315,0.239722,1.43317,0.559501,0.237011,0.111784,0.0,0.0,0.0,0.226113,0.0,0.0,0.0,0.0,0.0,0.0,1.582229,0.0,0.0,0.989318,0.0,0.469579,39.468761,29.723663,31.695835,33.024845,26.304379,22.994017,0.636339,0.0,1.817034,0.0,1.573104,0.383615,0.0,0.0,0.0,0.0,0.0,0.704654,0.0,4.235171,1.305076,0.0,4.25029,0.0,0.0,0.0,0.0,0.0,5.482354,2.607713,0.67497,1.122375,2.431173,1.413086,1.953129,1.206102,0.0,0.0,0.0,0.0,0.0,0.0,0.0,0.0,0.203931,0.0,0.0,0.0,187.837326,49.368542,123.401642,241.402832,76.927879,278.066559,6.236798,0.454173,5.023954,0.49589,0.406433,0.525566,1.313488,0.0,0.0,0.0,2.142112,2.75965,79.537483,65.723389,138.12796,204.455994,46.133339,308.599518,0.772824,1.587308,5.357812,5.068907,2.110993,1.054753,2.461507,3.548004,8.811415,2.276323,5.230001,4.707914,0.0,0.0,0.0,0.0,0.0,0.0,32.199066,32.497616,1.74637,0.0,20.380342,0.0,1.278821,0.0,3.382576,3.297791,1.668413,4.026546,0.0,1.820714,2.741189,0.0,4.852683,9.606539,0.0,0.0,0.0,0.0,0.0,0.0,0.0,0.0,0.0,0.0,0.0,0.0,0.0,0.0,0.0,0.0,0.0,0.0,0.20404,0.018091,0.0,0.0,0.109762,0.129563,2.224486,0.592738,0.0,0.465164,1.281953,0.863337,1.753896,2.793598,0.929837,0.0,5.312304,7.762195,0.062458,0.015795,0.015223,0.0,0.0,0.0,0.0,0.0,0.0,0.0,0.0,0.0,0.0,0.0,0.0,0.0,0.0,0.0,3.694053,5.90226,4.095467,2.176642,4.11691,3.108038,0.531062,0.970493,0.573498,1.993544,0.369313,0.921374,0.0,0.0,0.0,0.158459,0.0,0.0,0.0,0.0,0.0,0.0,0.0,0.0,0.0,0.0,0.0,0.0,0.0,0.0,0.0,0.0,0.0,0.0,0.0,0.0,0.309723,0.0,0.469815,0.0,0.0,0.0,0.0,0.221509,0.0,0.0,0.0,0.0,0.0,0.0,0.0,0.386612,4.150255,0.620972,0.0,0.0,0.0,0.0,0.0,0.0,28.20216,72.680595,38.177963,19.536034,73.801437,64.227516,0.0,0.0,0.0,0.0,0.0,0.0,0.0,0.0,0.0,0.0,0.0,0.0,2.248356,0.0,3.69404,0.0,0.0,1.182297
Skin,0.340983,0.301231,0.156715,2.927066,2.488528,3.532149,21.381571,13.066741,14.941962,56.12886,86.066635,113.081802,0.0,0.0,0.0,0.0,0.0,0.0,0.0,0.0,0.0,0.0,0.0,0.0,0.0,0.635235,0.0,0.0,0.0,0.0,2.743339,5.120542,4.034861,0.940702,1.717722,1.559256,0.908163,10.094013,1.814971,0.0,0.249669,0.203004,0.033307,0.349256,0.0,0.136995,0.167631,0.391647,0.0,0.0,0.0,0.0,0.0,0.0,0.518508,0.0,1.746429,0.597248,0.433285,0.0,19.183664,13.53042,20.490437,21.270838,19.921661,10.190027,0.191795,0.400047,0.0,1.065763,0.663165,0.121978,0.0,0.0,0.0,0.0,0.0,0.0,2.371513,1.580993,2.124539,0.600595,2.384507,0.0,2.156044,0.0,0.828494,0.0,2.78176,0.0,2.926587,1.853334,0.99836,0.745305,0.817551,0.548441,0.0,0.0,0.0,0.0,0.0,0.0,0.0,0.0,0.0,0.142888,0.0,0.0,321.649658,359.798859,174.831268,374.577057,264.051025,553.599854,0.969521,0.537223,0.346909,0.871017,0.591111,0.500396,2.730847,0.0,2.380223,1.656768,1.829775,0.679061,28.098448,133.042847,20.794483,67.273567,30.796942,28.739655,2.073977,1.22646,0.219792,0.0,0.90316,0.0,0.0,0.610446,0.0,3.257859,0.344786,0.21538,0.0,0.0,0.0,0.0,0.0,0.0,59.284069,53.792126,0.0,18.755505,2.564495,24.535414,1.68413,3.941339,0.248095,0.373656,0.533225,2.101954,1.39955,4.939346,8.613322,2.101856,0.0,14.686488,0.0,0.0,0.0,1.953984,3.70032,3.56179,0.0,0.0,0.0,0.0,0.0,0.0,0.0,0.0,0.0,0.0,0.0,0.0,0.061081,0.0,0.03022,0.181037,0.041296,0.070286,0.263193,0.120486,0.77975,1.071341,0.621373,2.972899,0.655506,0.0,12.643591,8.449795,0.0,0.544058,0.0,0.0,0.023284,0.085385,0.018254,0.050944,0.0,0.0,0.0,0.0,0.0,0.0,0.0,0.0,0.0,0.0,0.0,0.0,1.236562,3.732593,7.209778,6.256575,4.470856,5.216662,0.673909,0.898197,0.757896,1.138409,1.892521,0.891986,0.226655,0.0,0.0,0.0,0.0,0.818409,0.0,0.0,0.0,0.0,0.0,0.0,0.0,0.0,0.0,0.0,0.0,0.0,0.0,0.0,0.0,0.0,0.0,0.0,0.0,0.0,0.0,0.0,0.0,0.0,0.0,0.0,0.0,0.0,0.0,0.0,0.0,0.0,0.0,0.0,0.0,0.0,0.0,0.0,0.0,0.0,0.0,0.0,24.568371,27.840948,1.204113,3.964794,7.973432,22.503273,0.0,0.0,0.0,0.0,0.0,0.0,0.0,0.0,0.0,0.0,0.0,0.0,0.0,0.024249,0.0,1.283351,0.938563,0.006307
Esophagus,6.942853,0.682404,0.583449,8.699979,5.642119,6.321087,8.096117,10.328844,40.932182,0.820003,32.840969,27.120911,0.0,0.0,0.0,0.0,0.0,0.0,0.0,0.0,0.0,0.0,0.0,0.0,0.0,0.0,0.0,0.0,0.0,0.0,0.132386,23.409773,0.691103,0.24579,0.661831,4.352123,0.0,0.0,0.0,0.0,1.148063,0.76964,0.068145,0.059947,0.0,0.327524,0.233645,0.24904,0.0,0.0,0.127727,0.0,0.0,0.0,0.0,0.57586,0.0,0.26494,0.0,3.651724,27.463829,36.766052,11.723166,13.001419,28.766537,35.276295,0.0,0.297869,0.0,0.511648,0.0,0.0,0.0,0.0,0.0,0.0,0.0,0.0,1.363761,0.8225,1.381224,5.813732,0.896775,3.445091,0.0,0.0,0.0,1.87779,2.564672,0.0,0.0,0.656343,1.411786,1.679054,0.94357,0.977683,0.0,0.0,0.0,0.0,0.0,0.0,0.0,0.0,0.0,0.0,0.0,0.0,295.572449,284.548584,320.788788,286.195282,560.601257,269.803223,0.099278,0.471327,0.565565,0.568756,0.21845,0.160425,0.0,6.344406,2.783176,4.459403,4.445383,0.0,27.383308,39.051682,20.963709,21.713802,19.180965,48.741077,1.248128,0.262999,0.0,0.0,0.179135,2.267519,0.915269,0.751652,0.738751,0.762144,0.313539,0.931619,0.0,0.0,0.0,0.0,0.0,0.0,0.0,21.422611,7.092363,25.705906,14.752476,45.690662,2.597492,3.45258,2.444088,0.546851,3.828894,1.922534,8.69075,10.571884,2.975076,1.449199,13.981491,18.378651,0.0,0.0,0.0,0.182486,0.418505,0.0,0.0,0.0,0.0,0.0,0.0,0.0,0.0,0.0,0.0,0.0,0.0,0.0,0.060858,0.0,0.092858,0.086431,0.176191,0.143351,0.7391,0.752196,0.398045,1.440822,0.063707,0.418613,0.92876,1.693989,7.428353,12.4082,4.058019,6.568866,0.0,0.0,0.0,0.0,0.0,0.0,0.0,0.0,0.0,0.0,0.0,0.0,0.0,0.0,0.0,0.0,0.0,0.0,4.486876,5.457916,3.933896,4.908065,4.384848,2.05125,1.769899,0.288428,0.412519,0.253008,0.455967,0.595924,0.0,0.0,0.0,0.0,0.0,0.370581,0.0,0.0,0.0,0.0,0.0,0.0,0.0,0.0,0.0,0.0,0.0,0.0,0.0,0.0,0.0,0.0,0.0,0.0,0.0,0.18424,0.959178,0.293965,0.666543,0.197609,0.0,0.0,0.0,0.0,0.0,0.0,0.0,0.803704,0.0,0.0,0.0,0.0,0.0,0.0,0.0,0.0,0.0,0.0,8.17227,32.655293,9.374922,50.085445,23.064268,9.818513,0.0,0.0,0.0,0.0,0.0,0.0,0.0,0.0,0.0,0.0,0.0,0.0,0.0,0.0,1.199764,0.0,0.0,0.0
Pancreas,1.154784,0.12881,0.883001,0.457415,1.929101,0.900775,4.608909,10.682199,8.374303,7.633369,27.396605,9.408601,0.0,0.0,0.0,0.0,0.0,0.0,0.0,0.0,0.0,0.0,0.0,0.0,0.0,0.0,0.0,0.0,0.0,0.0,0.9501,0.464286,0.576239,3.874006,0.336671,0.058445,0.373643,0.0,0.0,0.0,0.476098,0.274693,0.0,0.059084,0.191736,0.042094,0.251389,0.347417,0.0,0.0,0.0,0.0,0.0,0.0,1.05672,3.371903,0.549832,0.0,0.409344,0.0,15.639927,8.441398,8.778593,7.581074,7.472869,6.284828,0.312154,0.0,0.11414,0.157528,0.0,0.309417,0.0,0.0,0.0,0.0,0.0,0.0,3.521298,1.362252,1.534038,4.387487,2.601472,0.0,0.858347,0.0,0.0,0.917669,0.0,0.0,0.0,0.386743,0.086813,0.0,1.271488,1.52421,0.0,0.0,0.0,0.0,0.0,0.0,0.0,0.0,0.0,0.0,0.0,0.0,278.52298,428.260681,356.833679,343.224548,589.477356,320.408875,0.57643,0.306429,0.576308,0.631077,0.466353,0.273509,0.0,0.0,0.0,0.0,0.0,0.424194,45.827835,36.773453,81.269447,61.766071,40.983852,58.35535,0.821729,0.279909,0.0,0.526156,0.291354,0.0,1.851109,0.548383,0.972491,0.227096,0.192863,0.964348,0.0,0.0,0.0,0.0,0.484461,0.0,16.867907,21.982071,29.345671,0.0,21.577093,59.547668,1.412508,1.810186,2.418413,2.639441,1.717496,7.396754,0.0,5.83557,3.738644,1.307078,1.637705,0.454706,0.0,0.0,0.0,0.0,0.0,0.0,0.0,0.0,0.0,0.0,0.0,0.0,0.0,0.0,0.0,0.0,0.0,0.0,0.285678,0.379172,0.421463,0.304014,0.173425,0.393689,0.315813,0.067261,0.0,0.788204,0.412278,0.25191,0.366488,0.0,0.0,0.0,0.800564,7.565488,0.017783,0.0,0.022019,0.020154,0.049667,0.023397,0.0,0.0,0.0,0.0,0.0,0.0,0.0,0.0,0.0,0.0,0.0,0.0,3.150908,4.314515,4.801823,4.423198,2.989821,1.512704,0.99387,1.072002,0.485403,2.388051,2.086673,1.908195,0.0,0.0,0.0,0.244546,0.0,0.0,0.0,0.0,0.0,0.0,0.0,0.0,0.0,0.0,0.0,0.0,0.0,0.0,0.0,0.0,0.0,0.0,0.0,0.0,0.189405,0.532386,1.073549,0.0,0.0,0.0,0.0,0.0,0.0,0.0,0.0,0.0,0.0,0.0,0.0,0.0,0.0,0.0,0.0,0.0,0.0,0.0,0.0,0.0,8.545751,3.01031,14.371654,19.546169,5.323204,4.770886,0.0,0.0,0.0,0.0,0.0,0.0,0.0,0.0,0.0,0.0,0.0,0.0,0.799526,1.377336,0.966027,0.945474,0.0,0.0
Kidney,4.246095,2.206385,1.777329,4.978074,1.05344,0.643164,13.339103,7.689631,15.88774,25.471132,34.973713,23.640759,0.0,0.0,0.0,0.0,0.0,0.0,0.0,0.0,0.0,0.0,0.0,0.0,0.0,0.0,0.0,0.0,0.0,0.057671,1.162736,0.621971,0.318468,0.557046,3.381048,2.095287,0.365134,0.215717,0.0,0.335431,0.472333,0.0,0.0,0.104532,0.287939,0.17496,0.0,0.053916,0.0,0.0,0.0,0.0,0.0,0.0,0.067216,0.0,0.884314,1.693834,1.480694,0.0,19.950121,23.429863,27.162838,19.597767,28.103647,14.15982,0.0,0.0,0.487938,0.0,0.628812,0.257602,0.0,0.58984,0.0,0.46367,0.0,1.592615,0.661613,1.622573,2.003972,1.127311,1.344326,2.210479,0.0,0.0,3.300756,0.0,0.0,0.0,0.155886,0.753139,0.383354,0.0,0.0,0.763267,0.0,0.0,0.0,0.0,0.0,0.0,0.0,0.0,0.0,0.0,0.0,0.0,130.606705,88.747864,171.131256,193.466202,268.3396,60.206215,0.073055,0.404497,0.391224,0.253117,0.284925,0.585111,0.0,0.0,0.795412,0.0,0.889309,0.0,36.437008,20.294376,22.307312,18.658657,39.844028,39.399757,0.254795,0.45507,1.782084,0.706142,0.287699,1.183236,0.45507,0.350194,0.217746,0.287699,2.265508,0.0,0.0,0.0,0.0,0.0,0.0,0.0,33.688072,15.933871,147.283432,0.0,37.039696,43.560307,5.746969,9.24163,4.006238,1.866441,4.039527,3.704017,0.0,0.0,0.604149,8.482938,6.183173,0.0,0.0,0.0,0.0,0.0,0.0,0.0,0.0,0.0,0.0,0.0,0.0,0.0,0.0,0.0,0.0,0.0,0.0,0.0,0.164759,0.06361,0.113407,0.041048,0.034898,0.083009,5.989869,4.036338,2.834137,3.850714,1.857218,1.588928,10.123796,2.885621,0.0,5.303444,0.0,0.776492,0.016056,0.08444,0.051139,0.100921,0.08028,0.018238,0.0,0.0,0.0,0.0,0.0,0.0,0.0,0.0,0.0,0.0,0.0,0.0,7.721587,7.121148,7.899981,7.242948,2.891173,1.618544,0.400104,1.794902,0.340154,0.49453,0.919545,0.552124,0.0,0.0,1.285073,0.0,0.0,0.0,0.0,0.0,0.0,0.0,0.0,0.0,0.0,0.0,0.0,0.0,0.0,0.0,0.0,0.20989,0.0,0.0,0.0,0.0,0.173807,0.293299,0.0,0.172999,0.0,0.0,0.0,0.0,0.0,0.0,0.0,0.0,0.0,0.0,0.0,0.0,0.0,1.044443,0.0,0.0,0.0,0.0,0.0,0.0,30.7899,33.619179,16.308056,21.792437,25.818462,34.752228,0.0,0.0,0.0,0.0,0.0,0.0,0.0,0.0,0.0,0.0,0.0,0.0,0.0,1.164287,3.944478,1.044683,0.0,2.252402
