Thyroid,2.280758,2.582309,1.591058,1.028451,0.97194,1.517259,15.50933,22.965839,26.032162,15.8306,32.61438,11.431011,0.0,0.0,0.0,0.0,0.0,0.0,0.0,0.0,0.0,0.0,0.0,0.0,0.0,0.0,0.0,0.0,0.0,0.0,2.914743,1.578532,1.176744,1.72904,7.551644,0.365191,0.257135,0.294728,0.602458,0.262755,0.812463,0.437718,0.19684,0.208658,0.0,0.0,0.0,0.189797,0.0,0.0,0.0,0.0,0.0,0.0,0.0,0.249574,0.564956,0.72739,0.0,0.0,13.799357,21.352331,19.971367,15.944693,20.917908,18.854265,0.432873,1.202265,0.0,0.213402,0.0,0.0,0.0,0.0,0.0,0.0,0.0,0.0,4.816943,0.565232,1.673182,5.659868,1.524132,0.552875,0.0,2.628713,0.0,0.0,0.0,0.168878,0.948207,0.183115,0.0,1.37335,0.296116,0.307561,0.0,0.0,0.0,0.0,0.0,0.0,0.0,0.0,0.0,0.0,0.0,0.0,27.689539,313.552032,42.4767,132.390198,216.634979,168.803329,1.099583,0.781799,0.428084,0.802305,1.166954,0.513259,0.0,0.0,0.0,0.568688,0.0,0.0,62.549679,8.341909,84.172363,45.810631,55.301369,69.45977,0.0,2.225451,2.848944,2.449953,1.70435,1.902585,0.575047,1.451134,2.19872,2.078718,5.189165,2.223189,0.0,0.0,0.0,0.0,0.0,0.0,12.936438,54.840324,62.455364,53.730701,42.749828,42.534332,1.085303,2.643858,0.0,2.487507,1.773352,1.776968,0.0,0.0,1.419434,16.543062,1.502144,0.753901,0.0,0.0,0.0,0.0,0.0,0.0,0.0,0.0,0.0,0.0,0.0,0.0,0.0,0.0,0.0,0.0,0.0,0.0,0.266185,0.14663,0.215028,0.120412,0.098006,0.02076,1.595455,2.004404,1.323238,1.389937,1.340188,1.945389,4.256777,0.0,0.809502,0.602584,3.051692,3.009027,0.0,0.070628,0.03813,0.0,0.0,0.022998,0.0,0.0,0.0,0.0,0.0,0.0,0.0,0.0,0.0,0.0,0.0,0.0,10.408178,8.04421,6.406679,13.802782,5.285824,13.851256,0.720097,1.761072,1.628545,1.011327,1.044357,1.349729,0.0,0.0,0.0,0.0,0.0,0.0,0.0,0.0,0.0,0.0,0.0,0.0,0.0,0.0,0.0,0.0,0.0,0.0,0.0,0.0,0.0,0.0,0.0,0.0,0.0,0.0,1.092981,0.226281,0.0,0.574502,0.0,0.0,0.0,0.0,0.0,0.0,0.0,0.0,0.0,0.507843,0.0,0.412263,0.0,0.0,0.0,0.0,0.0,0.0,25.907135,18.457825,39.243015,14.967384,27.011452,28.999193,0.0,0.0,0.0,0.0,0.0,0.0,0.0,0.0,0.0,0.0,0.0,0.0,0.0,0.0,0.0,0.0,0.0,0.0
Testis,2.217875,1.19886,4.783997,2.622856,4.758224,2.889847,0.0,2.799241,0.339372,0.185377,6.227543,2.011,0.0,0.361511,0.523662,1.183135,1.541407,0.0,0.0,0.0,0.0,0.0,0.0,0.0,0.0,0.0,0.0,0.0,0.0,0.0,0.506969,0.336035,0.792232,0.714974,0.318141,0.600807,1.17202,0.69713,2.421502,1.138354,1.165261,1.035423,2.502808,4.059899,3.025843,3.145219,1.716735,3.187834,0.0,1.111063,0.994908,0.0,0.0,0.0,0.213192,0.0,1.69698,0.0,0.0,0.749299,24.150352,19.354034,21.469328,27.113253,27.216539,21.758434,1.635607,0.70856,0.0,0.665103,0.185684,0.768385,0.0,0.0,0.0,0.0,0.0,0.0,0.0,1.564084,2.230396,4.058681,2.868279,1.564552,3.918247,0.0,0.0,0.0,0.0,0.500275,1.354308,0.844855,0.576999,0.316717,1.596554,0.590452,0.0,0.0,0.0,0.0,0.0,0.0,0.0,0.0,0.0,0.0,0.0,0.0,46.64143,61.876408,28.324915,49.730274,146.267273,86.871254,0.622408,0.387872,1.126321,0.800903,0.593446,0.694986,24.661739,27.729616,22.184109,23.623238,30.698244,18.84506,10.031783,15.726302,12.795849,7.56496,15.142928,9.533171,0.358527,0.451797,0.204948,0.0,0.0,0.0,0.175203,0.51059,0.235032,0.0,0.0,0.93381,0.0,0.0,0.0,0.0,0.0,0.0,34.363174,6.146226,35.970097,36.921913,77.440086,0.0,8.621001,8.019732,5.851149,9.282146,4.152976,3.283056,0.616241,0.605098,0.0,1.781544,4.235212,0.0,0.059219,0.0,0.0,0.0,0.0,0.0,0.009451,0.031587,0.010176,0.026992,0.0,0.0,0.0,0.0,0.0,0.0,0.0,0.0,0.487247,0.233476,0.400864,0.201499,0.305071,0.294831,3.462667,3.117218,2.666678,2.217939,3.240554,4.545628,0.0,0.0,1.240771,2.722877,0.079476,2.273241,0.0,0.020216,0.024511,0.041379,0.0,0.026139,0.0,0.0,0.0,0.0,0.0,0.0,0.0,0.0,0.0,0.0,0.0,0.0,4.332449,2.844331,5.173929,6.295156,11.435523,11.119946,0.854154,1.463163,1.49098,0.923679,3.333157,0.780007,0.0,0.0,0.0,0.18318,0.081836,0.0,0.0,0.0,0.0,0.0,0.0,0.0,0.0,0.0,0.0,0.0,0.0,0.0,0.0,0.182466,0.193654,0.162187,0.143829,0.220487,0.0,0.0,0.277623,0.614238,0.910034,1.456584,0.0,0.0,0.0,0.0,0.0,0.0,0.0,0.0,0.0,0.0,0.0,0.0,0.0,0.0,0.0,0.0,0.0,0.0,22.420372,20.036173,11.479136,21.813274,6.625298,18.787331,0.0,0.0,0.0,0.0,0.0,0.0,0.0,0.0,0.0,0.0,0.0,0.0,91.44442,74.4944,10.885105,29.612064,21.441525,63.796532
Cervix Uteri,2.626136,4.6167,5.222678,1.652386,3.71422,1.890777,36.424908,25.630962,27.300503,22.737396,37.210953,16.552475,0.0,0.0,0.0,0.0,0.0,0.0,0.0,0.0,0.0,0.0,0.0,0.0,0.0,0.0,0.0,0.0,0.0,0.0,0.125293,7.828882,77.771515,4.750333,0.094868,0.879505,0.0,0.514904,0.0,0.0,0.555427,0.6325,0.142489,0.063608,0.18343,0.0,0.195127,0.00548,0.0,0.0,0.0,0.0,0.0,0.0,0.837523,1.929046,1.31764,1.75712,0.511043,0.976487,28.18372,27.555456,32.30965,26.726259,10.506078,29.095888,1.427438,0.0,0.0,0.0,0.205151,0.0,0.0,0.0,0.0,0.0,0.0,0.0,2.46421,0.0,1.710181,0.0,5.87174,1.893097,0.0,0.0,0.0,0.0,2.869583,3.797465,0.281719,0.198859,1.406488,0.498066,1.353013,1.043092,0.0,0.0,0.0,0.0,0.0,0.0,0.0,0.0,0.0,0.0,0.0,0.0,203.820038,126.316078,247.035431,394.692719,244.932877,270.135925,1.008198,3.080127,1.289165,0.650036,1.809235,2.304227,0.0,0.0,0.0,0.0,0.997803,0.0,142.679108,105.361542,144.660629,82.669952,85.801956,110.108139,3.820997,0.749981,3.790806,3.140332,0.0,0.0,2.593971,3.820997,0.0,0.0,0.0,2.0644,0.375217,0.0,0.0,0.0,0.289252,0.0,23.965645,47.117844,0.0,6.757899,64.766365,32.984795,3.375612,6.328641,0.39994,1.164464,1.683338,1.626276,22.419439,4.184818,6.862188,0.600433,23.597692,11.973142,0.0,0.0,0.43922,0.0,1.973769,0.0,0.0,0.0,0.0,0.0,0.0,0.0,0.0,0.0,0.0,0.0,0.0,0.0,0.14542,0.057809,0.339437,0.10237,0.220091,0.288445,0.169813,0.825254,0.401926,0.152575,0.014276,1.591972,1.569421,4.348908,0.360503,18.642944,3.724555,0.0,0.094638,0.022362,0.0,0.0,0.0,0.07949,0.0,0.0,0.0,0.0,0.0,0.0,0.0,0.0,0.0,0.0,0.0,0.0,5.197889,4.038793,10.759456,7.760074,5.367795,12.530284,1.622543,0.445898,0.542893,0.656952,1.919494,0.530093,0.0,0.416151,0.0,1.828628,0.0,4.262871,0.0,0.0,0.0,0.0,0.0,0.0,0.0,0.0,0.0,0.0,0.0,0.0,0.0,0.0,0.0,0.0,0.0,0.0,0.333038,0.0,0.535145,0.0,0.268517,0.0,0.0,0.0,0.0,0.0,0.0,0.0,0.0,0.0,0.0,0.0,0.0,1.861842,0.0,0.0,0.0,0.137441,0.0,0.0,25.513506,69.101433,44.587391,27.45447,46.996212,41.394669,0.0,0.0,0.0,0.0,0.0,0.0,0.0,0.0,0.0,0.0,0.0,0.0,1.886111,0.0,0.0,0.0,0.984265,5.920794
Adipose Tissue,2.934678,2.785611,5.055459,2.137757,4.450497,6.612662,30.086725,41.428566,46.893375,52.891888,31.299515,32.610672,0.0,0.0,0.0,0.0,0.0,0.0,0.0,0.0,0.0,0.0,0.0,0.0,0.0,0.356073,0.0,0.0,0.0,0.0,45.740498,0.0,0.21815,0.410839,3.032398,0.485298,1.185729,0.688642,0.189705,1.479326,0.585847,0.198686,0.055505,0.029649,0.369774,0.055871,0.175725,0.442245,0.0,0.0,0.0,0.0,0.0,0.0,2.140724,0.509231,0.0,0.505255,0.0,0.0,36.666615,25.819544,32.180569,32.403339,27.87689,24.894285,1.109043,0.0,0.0,1.225352,0.295626,0.0,0.0,0.0,0.0,0.0,0.0,0.0,1.304549,1.013588,0.0,0.643873,0.0,3.582952,0.0,0.0,0.774553,1.348779,0.622233,0.623503,2.552768,0.629041,1.266434,0.642177,2.173425,1.004052,0.0,0.0,0.0,0.0,0.0,0.0,0.0,0.0,0.0,0.0,0.0,0.0,126.183884,308.569672,378.737335,79.591316,371.691986,332.966431,0.883267,1.3946,0.688669,0.815952,0.528428,0.756545,0.0,0.0,0.0,0.0,0.0,0.0,108.203949,127.823273,257.835052,143.264618,24.975273,63.713863,4.020353,0.915697,3.665723,0.474489,5.722691,5.522124,2.213867,0.512133,1.564551,2.846398,2.520912,4.774319,0.0,0.0,0.0,0.0,0.0,0.0,0.0,35.625992,15.86128,2.169593,27.254869,0.0,1.082889,2.293142,0.0,2.802466,1.110223,0.758592,0.564801,1.986608,2.229178,1.09047,13.90033,2.162092,0.0,0.053601,0.0,0.0,0.0,0.0,0.0,0.0,0.0,0.0,0.0,0.0,0.0,0.0,0.0,0.0,0.0,0.0,0.032562,0.067868,0.120647,0.04639,0.06413,0.139434,0.174612,0.184639,0.28841,0.086587,0.511493,0.370835,0.873753,2.717592,0.0,6.199601,4.636951,0.0,0.02178,0.0,0.0,0.015099,0.0,0.0,0.0,0.0,0.0,0.0,0.0,0.0,0.0,0.0,0.0,0.0,0.0,0.0,10.536209,3.951797,2.644022,9.098128,8.696011,8.798798,1.688362,1.087958,1.119307,3.395949,0.270085,0.432422,0.24361,0.0,0.174878,0.481911,0.0,0.821771,0.0,0.0,0.0,0.0,0.0,0.0,0.0,0.0,0.0,0.0,0.0,0.0,0.209209,0.178231,0.0,0.0,0.0,0.0,0.288548,0.0,0.428909,0.173014,0.240798,0.276087,0.0,0.0,0.0,0.0,0.0,0.0,0.0,0.644819,0.0,1.172951,0.0,0.0,0.0,0.0,0.0,0.0,0.0,0.0,43.189308,17.097054,21.973652,28.137852,55.83461,23.354158,0.0,0.0,0.0,0.0,0.0,0.0,0.0,0.0,0.0,0.0,0.0,0.0,1.775377,2.125761,0.0,0.0,1.41256,0.0
Vagina,3.079693,1.594874,0.340912,3.902437,2.066445,3.88579,27.389095,33.096397,3.673246,28.81333,12.879359,24.747675,0.0,0.0,0.0,0.0,0.0,0.0,0.0,0.0,0.0,0.0,0.0,0.0,0.0,0.0,0.0,0.0,0.0,0.0,181.956955,1.811389,0.244181,0.593676,23.731506,1.646635,1.920602,0.74633,0.3027,0.47611,0.233994,0.153082,0.114169,0.3471,0.070865,0.262144,0.152834,0.0,0.0,0.0,0.0,0.0,0.0,0.0,0.469968,0.0,0.693741,0.0,3.092031,2.351817,25.50955,16.792646,19.947054,17.824335,16.872278,13.154924,0.233457,0.160977,0.0,0.774531,0.755087,0.0,0.0,0.0,0.0,0.0,0.0,0.0,0.0,1.693954,0.704986,1.56064,3.599626,0.0,0.728081,0.0,1.923109,3.833335,0.0,0.0,0.870763,1.145821,2.11608,0.574659,0.37563,3.307503,0.0,0.0,0.0,0.0,0.0,0.0,0.0,0.0,0.0,0.0,0.0,0.0,104.052681,350.339172,377.799408,297.842346,149.93129,329.00592,2.863707,0.593743,1.318103,0.666202,3.741673,1.505198,0.0,0.256153,0.845085,0.0,0.0,0.789515,57.593353,85.500633,165.391281,91.995628,38.622135,66.102318,0.668252,0.520562,0.939561,3.909322,2.050134,0.098316,1.770967,1.147831,0.939561,3.909322,1.834408,1.495793,0.0,0.0,0.0,0.0,0.0,0.0,45.251137,12.007875,0.0,15.078926,25.691172,0.0,3.58232,0.570999,6.003775,0.632107,2.582111,0.0,2.19422,0.0,17.612114,1.11376,20.722532,11.902296,0.0,0.0,0.0,0.684196,0.865009,0.222491,0.0,0.0,0.0,0.0,0.0,0.0,0.0,0.0,0.0,0.0,0.0,0.0,0.060151,0.070039,0.048803,0.073084,0.091011,0.192966,0.666496,1.261578,0.0,1.103119,3.033394,1.462839,4.446455,0.804448,0.4422,10.274487,2.624983,0.0,0.0,0.107923,0.0,0.0,0.0,0.0,0.0,0.0,0.0,0.0,0.0,0.0,0.0,0.0,0.0,0.0,0.0,0.0,13.968622,3.97825,4.525771,3.471549,5.126451,9.366358,1.795581,1.954902,1.628882,0.124569,0.46543,1.137327,0.0,0.0,0.0,0.052426,7.879515,0.108932,0.0,0.0,0.0,0.0,0.0,0.0,0.0,0.0,0.0,0.0,0.0,0.0,0.0,0.0,0.0,0.0,0.0,0.0,0.0,0.0,0.0,0.0,0.0,0.657534,0.0,0.196573,0.0,0.0,0.0,0.0,0.0,0.0,1.982909,0.0,0.69336,0.0,0.0,0.0,0.0,0.0,0.0,0.0,20.124001,49.709175,34.514725,46.066795,51.827896,15.681526,0.0,0.0,0.0,0.0,0.0,0.0,0.0,0.0,0.0,0.0,0.0,0.0,0.0,0.0,0.0,0.0,0.0,0.0
Heart,2.26364,0.603562,2.211238,0.735761,2.244264,1.163647,4.75266,23.214819,32.534874,29.500998,15.36132,22.425177,0.0,0.0,0.0,0.0,0.0,0.0,0.06671,0.0,0.0,0.0,0.0,0.0,0.0,0.0,0.0,0.0,0.0,0.0,2569.770752,3054.567139,1755.154419,858.374878,1381.623901,909.064331,0.224068,0.557308,0.0,0.0,0.0,0.245369,0.155205,0.0,0.193369,0.108849,0.320223,0.105544,0.0,0.0,0.0,0.0,0.0,0.0,0.441513,0.0,0.537486,0.0,0.859213,1.348168,29.05118,19.233835,17.10965,26.283031,20.233486,13.629962,0.0,0.0,0.0,0.0,0.0,0.0,0.0,0.0,0.0,0.0,0.0,0.0,0.614496,0.802275,1.314725,0.996336,0.0,0.533119,0.217466,0.0,0.0,0.0,0.0,0.0,0.538038,0.387244,2.063012,0.0,0.257436,0.332374,0.0,0.0,0.0,0.0,0.0,0.0,0.0,0.0,0.0,0.0,0.0,0.0,145.476303,88.658867,49.069534,60.376999,136.255341,44.688442,0.606532,1.132695,0.564392,1.045203,0.283952,0.349398,0.0,0.0,0.0,0.0,0.0,0.0,30.085066,211.316513,252.452286,12.25301,31.065123,15.4584,1.222013,0.784304,0.0,0.511804,0.404143,0.448835,2.845168,0.0,0.0,0.272681,1.42599,0.607661,0.0,0.0,0.0,0.0,0.0,0.0,42.357227,46.249996,72.482254,64.425491,84.4459,74.33725,3.844328,1.506068,5.588763,1.312394,8.383658,4.537008,6.795107,0.552116,0.0,0.0,5.289467,2.988082,0.0,0.0,0.0,0.0,0.0,0.0,0.0,0.015155,0.0,0.0,0.0,0.0,0.0,0.0,0.0,0.0,0.0,0.0,0.0,0.033415,0.013104,0.0372,0.113849,0.01309,2.176289,0.741811,1.263368,2.216452,0.322303,0.149499,1.14155,0.0,0.0,2.19457,0.0,0.372736,0.0,0.0,0.0,0.0,0.019624,0.0,0.0,0.0,0.0,0.0,0.0,0.0,0.0,0.0,0.0,0.0,0.0,0.0,1.606099,0.323228,0.41431,1.048137,1.190067,0.249681,0.0,0.297448,0.440374,0.187094,0.0,0.137944,0.165952,0.0,0.0,0.0,0.0,0.0,0.0,0.0,0.0,0.0,0.0,0.0,0.0,0.0,0.0,0.0,0.0,0.0,0.0,0.0,0.0,0.0,0.0,0.0,0.317299,0.515998,0.0,0.270817,0.320421,0.111655,0.0,0.0,0.0,0.0,0.0,0.0,0.0,0.003865,0.0,0.0,0.648448,1.402357,0.0,0.0,0.0,0.0,0.0,0.0,35.623508,79.328552,34.576336,75.146744,23.3894,28.438169,0.0,0.0,0.0,0.0,0.0,0.0,0.0,0.0,0.0,0.0,0.0,0.0,0.0,0.0,1.2935,2.836816,0.0,1.899651
Pituitary,7.614581,7.653219,4.538743,9.731406,13.251534,11.162005,8.340007,10.564111,7.275475,8.349441,24.544329,5.259036,0.0,0.0,0.0,0.0,0.0,0.0,0.0,0.0,0.0,0.0,0.0,0.0,0.0,0.0,0.0,0.0,0.0,0.0,1.966996,3.023975,3.504676,4.616377,2.599727,3.864954,1.103995,1.515098,0.0,2.035276,2.255558,0.568927,0.209852,0.23123,0.110822,0.21724,0.094862,0.209318,0.0,0.0,0.0,0.0,0.0,0.0,0.512326,0.994203,0.823101,0.0,1.167347,0.0,16.758097,12.538248,16.385185,14.989758,21.252644,16.800692,0.0,0.0,0.0,0.0,0.0,0.0,0.0,0.0,0.0,0.0,0.0,0.0,9.169176,9.238443,11.179673,4.510048,4.9396,5.840452,0.0,0.0,0.0,0.0,7.837246,11.467375,0.703839,0.208247,0.0,0.179035,0.0,0.581957,0.0,0.0,0.0,0.0,0.0,0.0,0.0,0.0,0.0,0.0,0.0,0.0,182.617004,98.419724,102.742424,119.416985,135.941803,214.277298,0.910267,0.985291,1.290817,1.480533,1.026224,0.899813,0.0,0.0,0.0,0.0,0.0,0.0,16.820024,111.536827,12.773878,60.500877,17.932232,15.225382,0.405304,0.436061,0.229592,0.0,0.0,1.073657,0.299888,0.326495,0.488268,0.0,2.539738,0.0,0.0,0.0,0.0,0.0,0.0,0.0,46.316242,16.791172,57.840038,8.657247,0.0,0.0,2.208555,7.669023,5.843229,2.796105,0.745598,1.448008,0.0,0.0,0.0,1.160722,0.0,2.186397,0.0,0.0,0.0,0.0,0.0,0.0,0.0,0.0,0.0,0.0,0.0,0.0,0.0,0.0,0.0,0.0,0.0,0.0,0.253002,0.437358,0.406573,0.33783,0.34404,0.280244,5.362062,2.914281,6.550972,3.709671,5.570598,8.42736,0.281447,0.366844,0.0,0.292867,0.322527,0.471906,0.0438,0.038879,0.015696,0.020316,0.075824,0.0,0.0,0.0,0.0,0.0,0.0,0.0,0.0,0.0,0.0,0.0,0.0,0.0,4.600017,3.286132,1.652427,4.016243,2.557155,3.835461,1.349441,1.704293,1.13082,4.828837,1.517553,1.586488,0.375294,0.103777,0.0,0.0,0.450339,0.179852,0.0,0.0,0.0,0.0,0.0,0.0,0.0,0.0,0.0,0.0,0.0,0.0,0.0,0.0,0.0,0.0,0.0,0.0,0.0,0.195746,0.0,0.530992,0.837813,0.399582,0.0,0.0,0.0,0.0,0.0,0.0,0.0,0.0,0.0,0.0,0.0,0.0,0.0,0.0,0.0,0.0,0.0,0.0,39.419979,27.2561,59.016308,31.677755,37.382389,9.687118,0.0,0.0,0.0,0.0,0.0,0.0,0.0,0.0,0.0,0.0,0.0,0.0,0.0,4.60698,7.623056,0.0,4.369921,0.301273
Stomach,5.061458,2.443222,2.2964,3.300316,0.61115,1.66912,16.618801,3.642033,24.410053,30.691507,7.049899,2.692452,0.0,0.0,0.0,0.0,0.0,0.0,0.0,0.0,0.0,0.0,0.0,0.0,0.0,0.0,0.0,0.0,0.0,0.0,0.876825,0.098512,3.087007,2.047807,7.082853,0.679801,0.0,0.0,0.31628,0.0,0.0,0.425036,0.0,0.180827,0.079097,0.118475,0.0,0.133946,0.0,0.0,0.0,0.0,0.0,0.0,2.950736,1.276259,0.0,0.530094,0.448061,0.509054,8.805052,27.904234,12.986602,16.15777,8.647441,9.376918,0.194965,0.254635,0.0,0.814761,0.168131,0.128133,0.0,0.0,0.0,0.0,0.0,0.0,3.560221,1.05823,0.666111,1.117412,1.957724,2.03802,2.508802,1.600186,2.676578,0.0,2.505766,0.0,0.587629,0.27185,0.404418,0.363059,0.0,0.0,0.0,0.0,0.0,0.0,0.0,0.0,0.0,0.0,0.0,0.0,0.0,0.0,199.816467,39.004215,165.126358,158.664688,205.443008,108.36245,0.514929,0.522068,0.387365,1.329775,1.48794,1.024261,3.118624,1.140405,1.101941,0.0,0.0,0.0,39.923424,213.429276,99.561699,43.126701,88.283394,47.900311,0.582976,0.0,0.502768,0.937546,0.182234,0.276716,1.756878,0.724926,1.041694,0.247209,0.0,1.538106,0.0,0.0,0.0,0.0,0.0,0.0,28.092476,0.0,19.840374,26.828373,27.926088,24.432686,1.28356,3.424819,1.856078,2.193157,0.487184,1.337258,7.282021,2.169577,3.342861,5.007355,8.936172,7.203906,0.0,0.0,0.0,0.0,0.0,0.0,0.0,0.0,0.0,0.0,0.0,0.0,0.0,0.0,0.0,0.0,0.0,0.0,0.0,0.019405,0.080937,0.017342,0.061458,0.023567,0.323908,0.447182,1.119477,0.749436,1.235073,0.685851,0.0,0.550453,5.531365,7.656016,1.039759,0.68159,0.021189,0.0,0.0,0.0,0.022681,0.0,0.0,0.0,0.0,0.0,0.0,0.0,0.0,0.0,0.0,0.0,0.0,0.0,4.13751,2.647385,1.924133,3.974533,2.716694,1.082788,0.89265,0.44468,1.293474,0.412918,0.503085,0.46446,0.0,0.0,0.0,0.0,0.0,0.0,0.0,0.0,0.0,0.0,0.0,0.0,0.0,0.0,0.0,0.0,0.0,0.0,0.24256,0.0,0.0,0.0,0.0,0.0,0.0,0.337362,0.0,0.0,0.731672,0.0,0.0,0.0,0.0,0.0,0.0,0.0,0.156752,0.0,0.0,0.0,1.209063,0.0,0.0,0.0,0.0,0.0,0.0,0.0,30.27038,14.134743,25.686249,37.634548,93.119278,26.299997,0.0,0.0,0.0,0.0,0.0,0.0,0.0,0.0,0.0,0.0,0.0,0.0,0.0,0.0,0.0,2.521259,0.458298,0.0
Fallopian Tube,6.795242,2.833012,6.561115,3.796691,4.695623,8.24402,50.830685,22.917982,36.149502,26.725353,34.792259,42.592503,0.0,0.0,0.0,0.0,0.0,0.0,0.0,0.0,0.0,0.0,0.0,0.0,0.0,0.0,0.0,0.0,0.0,0.0,6.898715,1.190407,0.356501,2.298671,2.87555,0.756319,0.300691,0.568651,0.431162,0.384942,0.726411,0.530814,0.205154,0.144383,0.189184,0.155859,0.20226,0.0,0.0,0.0,0.0,0.0,0.0,0.0,2.669568,2.464545,1.051286,0.0,0.0,0.0,44.206749,22.667683,36.922592,21.498417,15.634629,31.009502,0.0,1.01187,0.0,1.310563,0.0,0.416545,0.0,0.0,0.0,0.0,0.0,0.0,3.777879,0.781976,1.880582,3.491623,9.364784,7.98007,4.181111,0.0,0.141054,4.168546,0.0,1.915238,0.749372,0.0,1.652491,0.894048,0.552769,0.215654,0.0,0.0,0.0,0.0,0.0,0.0,0.0,0.0,0.0,0.0,0.0,0.0,130.058716,285.977936,124.34861,216.985764,295.919678,153.152542,0.551674,1.664946,0.472078,0.558236,0.857208,0.982726,0.0,0.0,0.0,0.0,0.0,0.0,164.674545,136.829956,1035.249268,92.232491,169.313797,159.683502,2.946155,0.541053,0.939664,2.987174,3.326622,0.714575,2.946155,0.541053,0.939664,2.987174,3.326622,0.714575,0.0,0.0,0.0,0.0,0.0,0.399347,20.180761,14.412883,32.027889,9.16899,48.370506,16.596235,4.589386,1.239313,8.574468,0.0,8.779244,0.776094,16.305473,14.573613,8.808957,0.999012,11.959261,15.337544,0.0,0.0,0.0,0.0,0.0,0.0,0.0,0.0,0.0,0.0,0.0,0.0,0.0,0.0,0.0,0.0,0.0,0.0,0.322149,0.343888,0.427016,0.079686,0.11802,0.175823,0.195657,1.785814,1.132946,0.408636,0.836508,0.341404,7.864197,1.39643,0.982095,8.044607,0.620217,4.907351,0.0,0.024734,0.0,0.0,0.021993,0.045409,0.0,0.0,0.0,0.0,0.0,0.0,0.0,0.0,0.0,0.0,0.0,0.0,5.510766,9.224772,8.149548,7.246206,11.423861,14.845513,0.150858,2.494627,1.328915,0.181107,1.384249,1.820228,0.0,0.0,0.141196,1.319463,0.0,0.973924,0.0,0.0,0.0,0.0,0.0,0.0,0.0,0.0,0.0,0.0,0.0,0.0,0.0,0.0,0.0,0.0,0.0,0.0,1.441803,0.282502,0.0,0.737284,0.0,0.0,0.0,0.0,0.0,0.0,0.0,0.0,0.0,0.0,0.482025,0.0,0.186394,0.0,0.0,0.0,0.0,0.0,0.0,0.0,63.525597,19.547966,35.679413,99.039574,87.541161,26.73283,0.0,0.0,0.0,0.0,0.0,0.0,0.0,0.0,0.0,0.0,0.0,0.0,2.763916,10.906279,0.901069,2.054243,0.0,2.013712
Blood,1.13829,1.257857,1.478471,1.153038,1.005934,0.0,7.089768,5.762855,3.085557,0.193914,4.041467,3.041636,0.0,0.0,0.0,0.0,0.0,0.0,0.0,0.0,0.0,0.0,0.0,0.0,0.0,0.0,0.0,0.0,0.0,0.0,0.426252,0.683601,0.049843,0.121971,0.458362,0.319605,0.0,0.0,0.449669,0.0,0.0,0.0,0.0,0.204836,0.0,0.051733,0.179377,1.096689,0.0,0.0,0.0,0.0,0.0,0.0,0.0,1.681225,0.694777,0.0,0.168121,0.0,20.812693,28.127377,31.509872,126.955772,83.045586,8.78367,0.0,0.0,0.084223,0.0,0.178535,0.0,0.0,0.0,0.0,0.0,0.0,0.0,0.0,0.0,0.0,0.0,0.0,1.590725,0.0,0.0,0.0,0.0,0.0,0.268106,0.5074,1.076221,2.704127,7.915459,0.244135,5.720453,0.0,0.0,0.0,0.0,0.0,0.0,0.0,0.0,0.0,0.0,0.0,0.0,44.669174,90.926476,86.445847,883.857849,12.865947,576.557556,0.10671,0.208532,0.083918,0.405575,0.152,0.501029,0.0,0.938036,0.0,0.0,0.0,0.0,43.961876,72.409988,0.411068,1.168588,0.887689,13.674871,0.461439,0.613364,1.272156,0.52211,0.994583,1.506227,0.15744,4.070314,0.109045,0.0,0.0,0.0,0.0,0.0,0.0,0.0,0.0,0.0,4.577893,8.253369,9.835087,9.170147,63.038414,0.0,1.217454,0.385587,1.080733,0.0,1.831865,2.802984,1.396158,0.0,1.761473,2.884984,0.0,2.443196,0.0,0.0,0.052884,0.0,0.0,0.0,0.0,0.0,0.0,0.0,0.0,0.0,0.0,0.0,0.0,0.0,0.0,0.0,0.0,0.0,0.0,0.0,0.032893,0.0,0.412086,0.596162,0.0,0.0,1.105998,0.899988,0.405172,0.0,1.982068,0.0,0.0,2.741657,0.0,0.0,0.0,0.019796,0.0,0.0,0.0,0.0,0.0,0.0,0.0,0.0,0.0,0.0,0.0,0.0,0.0,0.0,0.0,0.0,0.0,0.0,8.388848,3.551312,0.177852,0.68209,0.0,0.235852,0.323896,0.0,0.0,2.747629,0.091469,0.348424,0.480004,0.306016,0.0,0.0,0.0,0.0,0.0,0.0,0.0,0.0,0.0,0.0,0.0,0.0,0.0,0.0,0.0,0.0,0.0,0.0,0.143464,0.415793,0.0,0.0,0.0,0.0,0.481967,0.233005,0.308258,0.135566,0.0,0.0,3.50025,0.0,1.580772,2.818237,0.0,0.0,0.0,0.0,0.0,0.0,0.0,0.0,0.654845,0.437288,0.0,1.868405,11.358337,5.210948,0.0,0.0,0.0,0.0,0.0,0.0,0.0,0.0,0.0,0.0,0.0,0.0,0.0,0.0,0.0,0.0,0.0,0.0
Bladder,2.732521,2.140344,3.398339,0.919272,2.005174,5.642791,33.794533,17.217316,16.797642,28.294607,32.369377,25.176922,0.0,0.0,0.0,0.0,0.0,0.0,0.0,0.0,0.0,0.0,0.0,0.0,0.0,0.0,0.0,0.0,0.566832,0.0,48.412785,18.046049,12.676044,151.830215,666.257141,27.234581,1.475286,0.841752,0.524196,0.31501,0.0,0.654015,0.216745,0.128831,0.087787,0.086789,0.130678,0.256501,0.0,0.0,0.0,0.0,0.0,0.0,4.361602,1.289191,0.0,1.675601,0.730179,0.0,25.569923,28.336508,23.689474,20.947535,26.593149,18.390179,0.206012,0.21121,0.0,0.0,2.082255,0.0,0.0,0.0,0.0,0.0,0.0,0.0,0.87694,0.691725,2.817369,1.488193,1.308224,1.376781,0.0,1.993921,0.0,0.0,6.413607,3.840629,1.108801,0.264535,0.470746,1.202139,0.635201,0.29186,0.0,0.0,0.0,0.0,0.0,0.0,0.0,0.0,0.0,0.0,0.0,0.0,279.410248,374.877899,329.263245,392.065308,351.956116,328.444977,0.536676,1.525099,3.48374,2.140443,0.379168,2.768807,0.0,1.294478,0.815229,0.0,0.0,0.0,118.262611,44.518055,72.482269,128.964401,123.281944,24.39069,2.760445,1.311037,0.323653,0.506993,0.0,0.943644,0.785526,0.197186,1.077394,0.323653,1.714358,0.0,0.0,0.0,0.0,0.0,0.0,0.0,38.839157,10.454889,12.597896,32.551186,43.293736,22.765074,0.962758,1.262206,0.27312,1.854736,0.676411,2.846648,15.434302,14.980807,4.5463,17.952898,22.084507,8.530225,0.0,0.0,0.0,0.075501,0.0,0.0,0.0,0.0,0.0,0.0,0.0,0.0,0.0,0.0,0.0,0.0,0.0,0.0,0.073865,0.065539,0.104241,0.053238,0.0,0.05287,1.700751,1.876587,2.51503,0.461795,2.819315,0.630721,6.656249,6.851849,3.860418,1.753188,9.69227,0.90362,0.0,0.0,0.020376,0.0,0.021742,0.0,0.0,0.0,0.0,0.0,0.0,0.0,0.0,0.0,0.0,0.0,0.0,0.0,3.477547,6.735256,2.64544,4.911487,2.763865,2.761124,1.86204,2.009226,2.382256,0.387093,1.163901,1.003656,1.47315,0.0,0.0,0.0,0.0,0.0,0.0,0.0,0.0,0.0,0.0,0.0,0.0,0.0,0.0,0.0,0.0,0.0,0.0,0.0,0.0,0.0,0.0,0.0,0.223112,0.0,0.0,0.250493,0.286697,0.301981,0.0,0.0,0.0,0.0,0.0,0.0,0.0,0.665295,0.0,0.0,0.0,0.0,0.0,0.0,0.0,0.0,0.0,0.0,21.850569,56.397846,39.329498,74.574661,85.367432,29.917253,0.0,0.0,0.0,0.0,0.0,0.0,0.0,0.0,0.0,0.0,0.0,0.0,0.036267,1.459726,1.682331,0.0,0.0,0.0
Liver,0.934151,0.980488,1.979663,0.812275,1.250508,1.70139,2.257465,4.778218,1.892082,6.067585,11.70782,3.732503,0.0,0.0,0.0,0.0,0.0,0.0,0.0,0.0,0.0,0.0,0.0,0.0,0.0,0.0,0.0,0.0,0.0,0.0,0.075762,0.029356,0.293075,0.445435,0.348484,0.214425,0.0,0.0,0.0,0.0,0.0,0.0,0.022429,0.063232,0.0,0.274676,0.0,0.211533,0.0,0.0,0.0,0.0,0.0,0.0,0.0,0.0,0.0,0.0,0.617779,0.513512,8.359092,6.102302,6.879694,7.217651,8.49967,5.830953,1.316932,0.438407,1.218802,0.01006,0.0,0.548096,0.0,0.0,0.0,0.0,0.0,0.0,0.59665,4.052438,0.0,0.958106,2.908892,5.63178,0.0,0.0,0.0,0.0,0.0,0.0,0.0,0.0,0.953293,0.219208,0.0,0.0,0.0,0.0,0.0,0.0,0.0,0.0,0.0,0.0,0.0,0.0,0.0,0.0,113.872429,143.055374,129.561966,92.667671,91.228149,263.637329,1.713138,1.25807,0.310591,1.692739,0.133185,0.553508,0.0,0.0,0.0,0.0,0.0,0.0,20.783548,4.888219,46.586319,252.872757,28.036205,141.580933,0.176499,0.669628,0.0,0.0,0.0,0.0,0.0,0.676883,0.0,0.0,0.343722,0.0,0.0,0.0,0.0,0.0,0.0,0.0,11.653678,0.0,0.0,0.0,35.340977,1.51637,6.617728,4.226166,1.359421,1.824322,2.41202,6.604331,0.0,0.0,0.0,0.0,0.0,0.0,0.0,0.0,0.0,0.0,0.0,0.0,0.02021,0.0,0.0,0.0,0.0,0.0,0.0,0.0,0.0,0.0,0.0,0.0,0.059017,0.02815,0.05551,0.0,0.093091,0.037755,0.431507,0.715365,1.399943,0.43526,0.349423,0.900862,0.523322,2.166746,0.360692,0.0,0.0,0.355618,0.0,0.0,0.015912,0.0,0.0,0.018619,0.0,0.0,0.0,0.0,0.0,0.0,0.0,0.0,0.0,0.0,0.0,0.0,2.601596,4.811213,3.232192,2.333312,1.063869,3.301075,0.66632,1.010879,2.133042,0.935706,0.0,0.0,0.257442,0.0,0.050498,0.360072,0.0,0.348817,0.0,0.0,0.0,0.0,0.0,0.0,0.0,0.0,0.0,0.0,0.0,0.0,0.0,0.0,0.0,0.0,0.0,0.0,0.305084,0.0,0.0,0.0,0.0,0.0,0.0,0.0,0.0,0.0,0.0,0.0,0.0,0.0,0.0,0.624015,0.0,0.0,0.0,0.0,0.0,0.0,0.0,0.0,8.576701,0.822418,3.948776,6.834694,5.805239,1.289456,0.0,0.0,0.0,0.0,0.0,0.0,0.0,0.0,0.0,0.0,0.0,0.0,0.406796,0.0,0.0,0.0,0.0,0.749987
Colon,5.177586,5.496849,1.813003,2.778336,5.141852,1.284026,13.004553,16.295273,11.651378,13.293477,18.515505,35.417366,0.0,0.0,0.0,0.0,0.0,0.0,0.0,0.0,0.0,0.0,0.0,0.0,0.0,0.0,0.0,0.0,0.0,0.0,2.129096,1.257126,1.284221,3.845445,3.653368,1.822166,0.791866,0.241113,0.0,0.254564,0.246423,0.0,0.068091,0.074941,0.109068,0.055294,0.295334,0.105988,0.0,0.0,0.0,0.0,0.0,0.0,0.60985,1.945049,2.124769,0.748821,0.0,1.931531,25.371565,8.008115,9.719588,18.173704,28.091452,9.595847,0.0,0.202071,0.0,0.0,2.379081,1.033338,0.0,0.0,0.0,0.0,0.0,0.0,3.079254,4.662189,0.0,0.0,0.682415,1.96856,7.167268,2.86626,0.0,0.657495,0.0,0.0,1.518194,0.885961,1.134343,0.500132,0.92111,0.337052,0.0,0.0,0.0,0.0,0.0,0.0,0.0,0.0,0.0,0.0,0.0,0.0,264.267273,370.801239,174.847885,266.56601,120.611214,193.623535,0.305586,1.588698,1.114202,0.510713,1.671687,0.373958,0.0,0.0,0.0,1.827102,0.952704,0.781021,71.371559,90.16433,146.646469,25.369608,58.384354,45.447502,0.431015,0.92487,0.0,1.484851,0.257537,0.656109,1.489021,0.979133,1.263599,0.627935,1.434146,2.338164,0.0,0.0,0.0,0.0,0.0,0.0,66.264008,31.507778,0.0,6.369603,35.650925,0.0,0.381552,1.143602,4.023778,4.315661,1.093337,2.72636,23.295469,0.0,3.079185,1.088909,5.972954,0.639579,0.0,0.0,0.0,0.044682,0.0,0.0,0.0,0.0,0.0,0.0,0.0,0.0,0.0,0.0,0.0,0.0,0.0,0.0,0.132085,0.141224,0.04374,0.0,0.0,0.151795,0.40848,0.535275,0.599983,0.740723,1.364896,0.349433,2.170453,2.21767,0.0,0.701986,6.157354,1.546533,0.0,0.0,0.042192,0.017664,0.038659,0.0,0.0,0.0,0.0,0.0,0.0,0.0,0.0,0.0,0.0,0.0,0.0,0.0,2.767494,13.76633,0.957557,4.021805,3.894795,15.173471,0.504345,0.3252,0.949639,0.155099,1.197001,1.096766,0.0,0.366452,0.013564,0.418795,0.0,1.120357,0.0,0.0,0.0,0.0,0.0,0.0,0.0,0.0,0.0,0.0,0.0,0.0,0.15923,0.0,0.0,0.0,0.0,0.0,0.0,0.729582,0.0,0.0,0.212716,0.0,0.0,0.0,0.0,0.0,0.0,0.158143,0.0,0.0,0.64473,0.0,0.153892,0.0,0.0,0.0,0.0,0.0,0.0,0.0,30.286318,28.181063,56.576691,59.535358,85.080391,103.859238,0.0,0.0,0.0,0.0,0.0,0.0,0.0,0.0,0.0,0.0,0.0,0.0,0.0,2.890095,0.587948,0.0,0.0,2.537171
Prostate,8.193462,5.74373,4.94388,4.4916,2.79646,3.908511,41.005798,16.679533,50.523785,22.073452,24.649696,29.041853,0.0,0.0,0.0,0.0,0.0,0.0,0.0,0.0,0.0,0.0,0.0,0.0,0.0,0.0,0.0,0.0,0.0,0.0,6.729827,44.093853,0.683527,14.685685,38.000252,25.143553,1.064332,1.035608,0.0,0.235735,0.0,0.0,0.083908,0.0,0.364064,0.0,0.324484,0.161041,0.0,0.0,0.0,0.0,0.0,0.0,0.946488,0.0,0.0,0.432249,0.0,1.006029,23.928741,22.168833,22.838802,33.290588,28.564775,31.03665,0.0,0.137838,0.431853,0.0,1.264019,1.350936,0.0,0.0,0.0,0.0,0.0,0.0,9.718366,12.61341,7.468872,4.981123,3.129085,0.0,0.0,0.0,0.705871,0.0,0.0,0.073427,0.426097,0.485872,0.0,0.951684,0.185898,1.099379,0.0,0.0,0.0,0.0,0.0,0.0,0.0,0.0,0.0,0.0,0.0,0.0,143.970642,256.803741,214.316666,324.443085,107.629089,231.174179,1.636696,1.942215,2.878137,2.401943,1.797968,1.051327,0.0,0.493138,0.0,0.0,0.0,0.0,29.529469,37.754616,48.894405,29.938705,17.531185,33.289333,1.617084,0.867281,0.398745,1.066059,0.0,1.006885,0.572793,0.0,0.274787,0.0,0.828502,0.153174,0.0,0.0,0.0,0.0,0.0,0.0,55.805553,49.165001,73.35289,37.153286,0.0,120.647614,2.174972,0.0,7.521554,7.321419,6.946535,9.213799,2.068899,0.0,1.864179,6.553106,3.945401,1.262752,0.0,0.0,0.0,0.0,0.0,0.0,0.0,0.0,0.0,0.055416,0.0,0.0,0.0,0.0,0.0,0.0,0.0,0.0,0.116452,0.143139,0.057058,0.017635,0.072337,0.098707,3.096695,3.054146,0.567672,3.251211,2.792142,1.218244,0.0,0.60188,0.395641,0.0,0.0,3.179481,0.022534,0.028617,0.0,0.0,0.0,0.0,0.0,0.0,0.0,0.0,0.0,0.0,0.0,0.0,0.0,0.0,0.0,0.0,4.260643,6.997211,3.885319,6.103887,4.633138,3.924317,0.810985,1.32297,3.911152,1.963131,0.871389,2.019965,0.0,0.0,0.0,0.0,0.28055,0.0,0.0,0.0,0.0,0.0,0.0,0.0,0.0,0.0,0.0,0.0,0.0,0.0,0.0,0.0,0.0,0.0,0.0,0.0,0.0,0.0,0.0,0.695788,0.342043,0.314991,0.0,0.156108,0.0,0.0,0.0,0.0,0.0,0.0,0.0,0.0,0.0,0.0,0.0,0.0,0.0,0.0,0.0,0.0,29.829012,43.763523,32.121582,11.358534,26.888262,31.321165,0.0,0.0,0.0,0.0,0.0,0.0,0.0,0.0,0.0,0.0,0.0,0.0,0.459156,0.706057,0.0,0.296879,1.621947,1.635033
Breast,6.03447,1.386293,5.180417,6.054246,1.082844,2.469407,25.691975,45.779663,44.382931,38.810833,36.354443,54.798481,0.0,0.0,0.0,0.0,0.0,0.0,0.0,0.0,0.0,0.0,0.0,0.0,0.025612,0.0,0.0,0.54046,0.059822,0.0,0.23943,0.087035,0.576729,0.113354,1.188359,2.468715,0.54319,0.597802,0.612143,0.339437,0.784448,0.820769,0.061517,0.094227,0.470426,0.291658,0.201328,0.397034,0.0,0.0,0.0,0.0,0.0,0.0,0.913103,2.17645,1.258671,0.0,0.0,0.0,29.342451,39.438271,22.371691,24.655638,20.470915,29.376472,0.0,0.0,0.733471,0.0,0.0,0.043366,0.0,0.0,0.0,0.0,0.0,0.0,0.0,3.751328,0.950626,2.151535,2.085361,3.141241,0.0,0.0,0.0,1.010222,2.15724,0.0,0.327264,0.736435,0.297033,0.58882,1.534813,0.247087,0.0,0.0,0.0,0.0,0.0,0.0,0.0,0.0,0.0,0.0,0.0,0.0,184.817627,179.858276,194.639145,89.044174,74.771683,117.336121,1.482828,1.147767,0.583758,0.842218,1.311497,0.567434,0.0,0.0,0.0,0.0,0.641263,0.0,31.760302,257.40033,190.59137,40.709,469.314545,81.451859,3.799006,3.792804,0.611733,0.561818,0.309123,1.144426,2.262019,1.641625,1.281157,0.618522,1.144426,0.106962,0.0,0.0,0.0,0.0,0.433592,0.0,29.697149,0.0,1.559396,16.44002,41.057049,32.312744,7.555756,0.822113,1.46129,0.459182,0.307305,2.512777,4.247787,13.751581,0.0,6.798772,28.167164,2.5926,0.036887,0.0,0.0,0.0,0.0,0.0,0.0,0.0,0.0,0.0,0.0,0.0,0.0,0.0,0.0,0.0,0.0,0.0,0.128921,0.214088,0.047708,0.406866,0.054252,0.028735,0.240676,1.268972,1.665855,2.608851,1.056098,0.255006,0.0,2.842116,0.572073,0.40366,9.762211,3.118499,0.0,0.0,0.0,0.011558,0.0,0.038705,0.0,0.0,0.0,0.0,0.0,0.0,0.0,0.0,0.0,0.0,0.0,0.0,2.682196,4.565194,5.512388,2.800676,6.944562,11.500279,2.687132,0.965461,2.178977,1.858382,2.37583,1.709563,0.0,0.0,0.618366,0.0,0.533951,0.0,0.0,0.0,0.0,0.0,0.0,0.0,0.0,0.0,0.0,0.0,0.0,0.0,0.0,0.14453,0.0,0.0,0.0,0.0,0.0,0.0,0.0,0.239416,0.517633,0.295965,0.0,0.0,0.0,0.0,0.0,0.0,0.0,0.0,0.0,0.0,0.0,0.0,0.0,0.0,0.0,0.0,0.0,0.0,9.870222,27.230749,32.936134,12.752944,34.566174,25.014309,0.0,0.0,0.0,0.0,0.0,0.0,0.0,0.0,0.0,0.0,0.0,0.0,2.487926,2.558832,0.0,0.0,2.774237,0.0
Blood Vessel,5.436699,6.395539,4.269046,2.870784,14.864789,9.417663,27.353882,11.8539,24.26009,20.213898,27.018745,20.046284,0.0,0.0,0.0,0.0,0.0,0.0,0.0,0.0,0.0,0.0,0.0,0.0,0.0,0.344186,0.0,0.0,0.0,0.0,15.365359,42.426144,14.521282,84.335419,31.701113,70.592865,0.425114,0.18648,0.7574,0.0,0.0,0.234575,0.133232,0.068556,0.655508,0.312027,0.18746,0.079579,0.0,0.0,0.0,0.0,0.0,0.0,1.125831,2.016084,0.0,1.414159,1.249145,0.64194,34.647324,39.038307,21.412401,29.771313,28.115177,21.657852,0.331757,0.0,0.0,0.260814,0.0,0.172823,0.0,0.0,0.0,0.0,0.0,0.0,2.943484,4.532605,0.0,3.001173,2.005599,5.033664,0.0,0.528367,0.0,0.0,1.898703,0.0,1.470282,0.54727,1.066424,0.4682,2.977748,0.979491,0.0,0.0,0.0,0.0,0.0,0.0,0.0,0.0,0.0,0.0,0.0,0.0,111.678452,241.151947,141.431519,138.110809,69.541473,112.431465,1.259513,0.682476,2.018595,2.872404,3.003484,2.45103,0.0,0.0,0.0,0.0,0.0,0.0,227.974716,163.030853,68.187889,47.433949,52.565353,91.154732,4.42055,2.530668,1.476982,1.08175,5.005166,5.954024,2.272392,3.281012,2.684869,2.963112,4.933601,13.335546,0.0,0.0,0.0,0.0,0.0,0.0,0.0,39.690571,52.77747,86.185936,0.91757,42.256062,6.372453,1.026657,4.620635,4.396979,1.297532,0.0,0.758415,9.478748,17.2796,9.161236,0.0,9.815422,0.0,0.0,0.0,0.0,0.0,0.0,0.0,0.0,0.0,0.0,0.0,0.0,0.0,0.0,0.0,0.0,0.0,0.0,0.045153,0.09054,0.316544,0.052821,0.212956,0.080113,0.915614,0.0,0.340055,0.345601,0.0,0.362788,1.265442,0.0,3.290705,5.661021,10.117725,11.432627,0.021265,0.0,0.0,0.0,0.016849,0.0,0.0,0.0,0.0,0.0,0.0,0.0,0.0,0.0,0.0,0.0,0.0,0.0,4.456251,6.276392,5.881993,3.97365,4.33824,8.04449,0.542819,0.0,0.730728,2.134899,0.249447,0.0,0.03819,0.372531,0.0,0.0,1.766787,0.0,0.0,0.0,0.0,0.0,0.0,0.0,0.0,0.0,0.0,0.0,0.0,0.0,0.0,0.248966,0.0,0.0,0.0,0.126285,0.30005,0.246785,0.252154,0.316103,0.252815,0.455618,0.0,0.0,0.0,0.0,0.0,0.0,0.0,0.0,0.0,0.0,0.0,0.0,0.0,0.0,0.0,0.0,0.0,0.0,23.182091,67.703232,23.556173,26.043585,73.543831,29.659571,0.0,0.0,0.0,0.0,0.0,0.0,0.0,0.0,0.0,0.0,0.0,0.0,0.0,0.0,0.0,0.0,0.0,0.0
Spleen,2.533031,4.345137,4.43515,5.059038,4.087768,4.408843,11.103825,16.212858,20.236221,22.127731,14.567544,5.044514,0.0,0.0,0.0,0.0,0.0,0.0,0.0,0.0,0.0,0.0,0.0,0.0,0.0,0.0,0.0,0.0,0.0,0.0,1.112838,2.514331,0.662261,0.264958,0.44063,0.224371,0.0,0.0,0.258768,0.0,0.0,0.0,0.18557,0.173687,0.106906,0.0,0.134029,0.069392,0.0,0.0,0.0,0.0,0.0,0.0,0.0,0.0,0.0,0.0,0.0,0.0,29.626793,45.910294,48.254284,48.773052,40.611553,32.702942,0.0,0.552893,0.346318,0.602696,0.11045,0.819193,0.0,0.0,0.0,0.0,0.0,0.0,2.428724,2.653404,6.368676,4.523528,9.069476,1.042392,0.0,0.170692,2.040504,0.71489,0.675023,0.0,0.498046,0.384563,0.0,0.953596,0.224428,0.0,0.0,0.0,0.0,0.0,0.0,0.0,0.0,0.0,0.0,0.0,0.0,0.0,443.083099,393.919037,359.464294,320.382538,429.703796,246.185883,0.863686,0.945094,0.563282,0.598083,2.554374,0.579919,2.923396,0.585628,0.0,1.786461,0.0,1.140802,10.682002,12.86377,18.413837,15.841922,14.397626,12.926683,7.859447,3.028035,7.938519,5.106816,5.63874,6.968383,1.72316,6.521481,5.833399,5.998433,3.593697,2.502298,0.0,0.0,0.0,0.0,0.0,0.0,0.0,0.0,21.187126,17.981995,0.0,0.0,0.481535,2.080552,5.454651,3.116321,6.539808,3.98608,3.719804,9.116663,0.0,1.434722,11.939534,8.121749,0.0,0.0,0.0,0.0,0.0,0.0,0.0,0.0,0.0,0.0,0.0,0.0,0.0,0.0,0.0,0.0,0.0,0.0,0.07834,0.103422,0.0,0.016649,0.029488,0.034189,2.347211,1.312174,1.150445,0.664559,0.789819,1.15534,0.609098,0.0,0.510441,3.975518,5.801354,4.874218,0.0,0.028311,0.02083,0.028485,0.0,0.0,0.0,0.0,0.0,0.0,0.0,0.0,0.0,0.0,0.0,0.0,0.0,0.0,3.682855,4.687692,1.781952,6.052712,1.417372,0.964576,0.756913,0.881351,1.236609,0.0,1.236466,1.659232,0.0,0.0,0.0,0.154232,0.0,0.0,0.0,0.0,0.0,0.0,0.0,0.0,0.0,0.0,0.0,0.0,0.0,0.0,0.140058,0.0,0.0,0.0,0.0,0.0,0.526329,0.374574,0.0,0.286112,0.0,0.798733,0.0,0.0,0.0,0.0,0.0,0.0,0.610806,4.921792,1.496076,2.033745,0.817676,1.606065,0.0,0.0,0.0,0.0,0.0,0.0,29.650213,9.514429,13.891069,6.131576,10.212196,11.990967,0.0,0.0,0.0,0.0,0.0,0.0,0.0,0.0,0.0,0.0,0.0,0.0,0.0,0.0,0.0,0.0,0.0,0.0
Small Intestine,2.587075,1.445596,1.003006,4.802149,4.762055,9.26422,6.894006,13.051164,7.002689,26.500961,43.197601,20.499487,0.0,0.0,0.0,0.0,0.0,0.0,0.068194,0.0,0.0,0.0,0.064153,0.0,0.0,0.0,0.0,0.0,0.0,0.0,1.158807,0.673207,0.133232,0.256137,0.409589,0.242012,0.774989,0.852858,0.0,0.0,1.011755,0.202648,0.16765,0.046408,0.187689,0.367528,0.070172,0.239431,0.0,0.0,0.0,0.0,0.0,0.0,0.0,0.0,0.394659,0.0,0.0,0.0,19.265091,14.817487,33.026646,21.196461,20.487747,12.112853,1.166843,0.0,3.591897,1.82698,0.650034,0.0,0.0,0.0,0.0,0.0,0.0,0.0,2.862418,1.359728,6.058384,3.828044,5.072658,2.852392,2.596027,0.0,4.303167,1.559324,0.0,0.0,1.905355,1.645113,0.844925,1.45597,0.197608,0.357273,0.0,0.0,0.0,0.0,0.0,0.0,0.0,0.0,0.0,0.0,0.0,0.0,179.342896,155.1091,198.869125,153.752014,94.311737,46.674515,0.851599,0.41516,0.154753,0.615723,0.452804,0.584616,1.631559,1.614648,1.485977,1.170713,0.74396,2.210586,118.334213,52.448006,40.741329,25.107555,44.074184,49.671242,0.752739,1.382778,0.952053,1.093605,0.240648,0.18851,1.13608,1.308396,0.20458,0.634399,0.647189,0.18851,0.0,0.0,0.0,0.0,0.0,0.0,14.609628,19.72518,3.14212,0.0,28.515806,12.973021,2.520427,0.475434,7.516421,4.509599,0.963513,0.251556,21.858894,3.212056,0.0,0.0,1.463245,0.0,0.0,0.0,0.0,0.0,0.0,0.0,0.0,0.0,0.0,0.012348,0.0,0.0,0.0,0.0,0.0,0.0,0.0,0.0,0.086629,0.018874,0.068561,0.021003,0.061648,0.051516,0.567576,0.863507,0.287477,1.074278,0.694804,0.579186,1.113221,2.938776,0.0,1.062716,7.920526,0.0,0.0,0.0,0.017409,0.0,0.0,0.0,0.0,0.0,0.0,0.0,0.0,0.0,0.0,0.0,0.0,0.0,0.0,0.0,8.146754,2.781176,7.139593,4.68959,5.470147,5.214995,1.422712,4.495878,2.688638,2.243696,0.526803,0.851602,0.0,0.077886,0.687668,0.0,0.0,0.0,0.0,0.0,0.0,0.0,0.0,0.0,0.0,0.0,0.0,0.0,0.0,0.0,0.0,0.0,0.0,0.311637,0.0,0.0,0.0,0.0,0.0,0.235763,0.592529,0.223351,0.0,0.0,0.0,0.0,0.0,0.0,0.710444,0.014751,0.0,0.382872,0.0,0.653691,0.0,0.0,0.0,0.0,0.0,0.0,84.801369,58.923546,26.993296,66.514099,51.251942,94.460487,0.0,0.0,0.0,0.0,0.0,0.0,0.0,0.0,0.0,0.0,0.0,0.0,1.991656,0.650791,1.613425,1.804571,0.0,0.0
Uterus,2.594244,3.425567,4.521093,1.941669,4.821703,5.967724,18.274792,27.871023,22.820677,29.168983,32.314262,44.707893,0.0,0.0,0.0,0.0,0.0,0.0,0.0,0.0716,0.0,0.039739,0.0,0.0,0.0,0.0,0.0,0.0,0.0,0.0,0.823809,1.582399,1.558938,3.306079,0.980937,1.377205,0.693198,0.61185,0.411213,0.306103,0.22877,0.689441,0.177097,0.334064,0.141046,0.187094,0.350428,0.0,0.0,0.0,0.0,0.0,0.0,0.0,0.743067,1.744834,1.89534,1.152803,0.0,1.083327,23.158161,27.643583,33.473637,33.335197,23.745981,34.478027,0.0,0.0,0.066232,0.157483,0.0,0.0,0.0,0.0,0.0,0.0,0.0,0.0,2.169766,1.777703,0.0,13.078143,0.0,4.686633,0.624397,0.0,0.0,1.634242,0.0,2.591633,0.319745,0.556603,0.712739,3.109943,0.957408,0.724944,0.0,0.0,0.0,0.0,0.0,0.0,0.0,0.0,0.0,0.0,0.0,0.0,181.062286,211.910324,132.835068,248.433914,199.773132,337.110626,1.70055,1.96677,0.559806,2.473904,0.5324,2.289642,0.0,0.0,0.0,0.0,0.0,0.0,86.973526,72.455208,86.770981,109.313675,137.644043,107.224342,1.061597,1.899681,0.898569,0.377138,4.871006,0.74399,1.292052,0.615431,2.376059,0.0,3.726439,2.6304,0.0,0.0,0.0,0.0,0.0,0.202592,35.79752,8.440373,34.26828,41.735455,56.627186,34.666241,3.531177,3.980677,0.813972,0.810187,0.521676,1.435336,1.700914,11.96124,1.612406,11.266003,24.819168,24.599712,0.0,0.0,0.0,0.0,0.0,0.0,0.0,0.0,0.0,0.0,0.0,0.0,0.0,0.0,0.0,0.0,0.0,0.0,0.182289,0.286158,0.247427,0.281626,0.101755,0.040373,0.332399,0.44266,0.257652,0.304719,0.18923,0.218768,0.693226,1.041697,2.847288,3.294791,0.445571,0.432594,0.0,0.0,0.0,0.0,0.083762,0.0,0.0,0.0,0.0,0.0,0.0,0.0,0.0,0.0,0.0,0.0,0.0,0.0,17.459013,11.262027,13.948382,11.138411,11.461041,6.226764,1.776817,0.837123,1.2515,1.119837,0.350631,1.169606,0.0,0.0,0.0,0.0,0.0,0.0,0.0,0.0,0.0,0.0,0.0,0.0,0.0,0.0,0.0,0.0,0.0,0.0,0.0,0.0,0.166664,0.0,0.0,0.0,0.26869,0.631229,0.271391,0.254226,0.274005,0.709656,0.0,0.0,0.0,0.0,0.0,0.0,0.0,0.0,0.0,0.0,0.0,0.0,0.0,0.0,0.0,0.0,0.331889,0.0,29.464895,30.604637,9.188195,48.175034,20.905769,57.910076,0.0,0.0,0.0,0.0,0.0,0.0,0.0,0.0,0.0,0.30222,0.0,0.0,0.0,0.0,0.0,0.0,0.0,0.0
Ovary,2.629131,1.564002,3.038696,1.809324,2.75343,1.484084,36.50922,13.146263,12.291486,44.388172,20.286842,14.775127,0.0,0.0,0.0,0.0,0.0,0.0,0.0,0.0,0.0,0.0,0.0,0.0,0.0,0.0,0.0,0.0,0.0,0.0,0.306758,0.112342,0.0,0.506173,0.197676,0.226954,1.413036,1.155431,1.190453,2.192707,0.446043,0.846567,0.112355,0.316142,0.140436,0.123293,0.131593,0.176328,0.0,0.0,0.0,0.0,0.0,0.0,5.069347,0.480119,0.635758,0.17773,2.785695,1.680099,19.117329,22.786118,25.193548,24.996576,29.603512,14.718806,0.082087,0.0,0.0,0.0,0.0,0.0,0.0,0.0,0.0,0.0,0.0,0.0,0.0,3.545364,2.577868,8.031431,0.593927,3.759258,2.834411,0.0,0.0,0.0,1.35546,1.435995,3.668246,2.80607,1.088926,0.301877,1.046157,1.208657,0.0,0.0,0.0,0.0,0.0,0.0,0.0,0.0,0.0,0.0,0.0,0.0,603.703613,404.203491,339.410553,186.037903,398.042694,295.228058,1.903083,2.004504,1.387054,2.51262,0.656944,0.907191,0.0,0.0,0.0,0.0,0.0,0.0,134.933899,186.907486,80.763016,139.099747,138.466583,60.125793,0.0,0.0,0.0,0.167504,0.426508,0.0,0.0,0.0,0.196554,0.0,2.007164,0.0,0.0,0.0,0.0,0.0,0.0,0.0,34.501995,29.942497,27.03417,7.259274,86.073036,47.598545,2.244689,5.530348,0.47808,0.0,2.551584,4.192806,0.813692,0.928506,4.943698,14.301132,35.720993,0.0,0.0,0.0,0.0,0.0,0.0,0.0,0.0,0.0,0.0,0.0,0.0,0.0,0.0,0.0,0.0,0.0,0.0,0.0,0.152218,0.228515,0.15466,0.07966,0.091307,0.114704,2.045501,0.764698,1.833201,1.323578,4.726731,3.908037,0.957419,6.941619,1.668175,0.391426,0.0,0.0,0.081313,0.021281,0.0,0.0,0.041204,0.0,0.0,0.0,0.0,0.0,0.0,0.0,0.0,0.0,0.0,0.0,0.0,0.0,8.494224,7.372272,5.263774,8.832352,10.523521,9.91932,1.857565,2.26649,2.443492,2.653926,1.088722,1.391695,0.0,0.0,0.0,0.0,0.0,0.154545,0.0,0.0,0.0,0.0,0.0,0.0,0.0,0.0,0.0,0.0,0.0,0.0,0.350065,0.0,0.0,0.0,0.237838,0.0,0.328985,0.586856,0.940148,0.0,0.219991,0.764198,0.0,0.0,0.0,0.0,0.0,0.0,0.0,0.0,0.341386,0.0,0.0,0.0,0.0,0.0,0.0,0.0,0.0,0.0,40.021904,51.133404,28.025639,17.748114,43.749767,91.139969,0.0,0.0,0.0,0.0,0.0,0.0,0.0,0.0,0.0,0.0,0.0,0.0,0.0,0.0,0.0,0.0,0.0,0.0
Muscle,0.540619,0.824398,2.925303,3.754367,1.285886,3.050385,1.879965,4.350087,2.895055,14.355215,8.028186,7.115315,0.0,0.0,0.0,0.0,0.0,0.0,0.066685,0.0,0.0,0.0,0.0,0.0,0.0,0.0,0.0,0.0,0.0,0.0,13.937496,13.115318,5.377214,2.854554,23.361544,15.423007,0.618495,0.524374,0.356772,46.658173,1.848595,7.972173,0.0,0.159191,0.103603,0.0,0.162675,0.04471,0.0,0.0,0.0,0.0,0.0,0.0,0.0,1.318729,0.0,0.0,0.838126,1.089828,8.941408,17.658026,11.902457,12.681568,6.881987,15.028119,0.0,0.0,0.0,0.0,0.0,0.0,0.0,0.0,0.0,0.0,0.0,0.0,0.0,0.0,0.0,0.0,0.0,0.8274,0.0,0.0,0.0,0.0,0.0,0.0,3.722776,3.385856,3.517052,7.727518,12.970505,2.06217,0.0,0.0,0.0,0.0,0.0,0.0,0.0,0.0,0.0,0.0,0.0,0.0,155.565781,49.286114,89.712288,144.385361,153.900192,155.394348,0.386005,0.216135,0.564302,0.361968,2.493419,0.0,0.0,0.0,0.0,0.0,0.0,0.0,35.374279,43.84026,34.901417,31.793615,19.362505,52.347633,0.188133,0.288083,0.0,0.0,1.141151,0.561011,0.302321,0.0,1.104021,0.627344,0.154628,0.0,0.0,0.0,0.0,0.0,0.0,0.0,85.406883,127.961929,133.593964,97.014893,71.326958,80.68325,0.501105,0.968698,0.636535,1.632328,0.413392,1.09123,0.34386,0.41519,0.0,0.169664,0.814549,3.838264,0.0,0.0,0.0,0.0,0.0,0.0,0.0,0.0,0.0,0.0,0.0,0.0,0.0,0.0,0.0,0.0,0.0,0.0,0.113769,0.049166,0.045914,0.0,0.042512,0.019128,0.534963,2.118339,0.414342,0.693488,0.0,0.0,0.0,0.0,0.0,0.075056,0.0,0.0,0.0,0.0,0.0,0.0,0.0,0.0,0.0,0.0,0.0,0.0,0.0,0.0,0.0,0.0,0.0,0.0,0.0,0.0,0.307218,0.070697,0.0,1.528118,0.222142,0.30362,0.0,0.281776,0.436369,0.0,0.0,0.456443,0.0,0.0,0.0,0.0,0.0,0.0,0.0,0.0,0.0,0.0,0.0,0.0,0.0,0.0,0.0,0.0,0.0,0.0,0.0,0.0,0.0,0.0,0.0,0.0,0.982279,0.451294,1.167516,0.0,0.384952,0.0,0.0,0.0,0.0,0.0,0.0,0.0,0.0,0.0,0.0,0.0,0.0,0.0,0.0,0.0,0.0,0.0,0.0,0.0,2.032419,1.830446,4.809755,4.136461,0.548602,0.382403,0.0,0.0,0.0,0.0,0.0,0.0,0.0,0.0,0.0,0.0,0.0,0.0,0.0,0.0,0.0,0.0,0.0,1.076263
Nerve,9.610786,8.693336,5.437306,7.186894,12.870536,3.507899,27.131512,45.347759,22.402184,25.526478,36.408108,39.829235,0.0,0.0,0.0,0.0,0.0,0.0,0.0,0.0,0.0,0.0,0.0,0.0,0.302721,0.160525,0.0,0.056656,0.0,0.0,1.177951,3.19997,0.403472,0.718659,0.347162,3.830556,0.434166,0.749836,0.273291,1.484709,0.242982,0.755183,0.282166,0.236502,0.0,0.178445,0.174392,0.062418,0.0,0.0,0.0,0.0,0.0,0.0,0.0,1.895631,0.860449,1.531869,0.504613,0.0,24.683186,33.969856,24.38879,40.267784,27.786894,28.008696,0.0,0.0,0.0,0.0,0.0,0.0,0.0,0.0,0.0,0.0,0.0,0.0,1.931698,0.803011,0.0,1.963508,2.349716,0.621624,0.0,0.0,0.0,3.600353,0.0,0.0,0.0,0.348292,0.327481,0.417882,0.965059,0.18976,0.0,0.0,0.0,0.0,0.0,0.0,0.0,0.0,0.0,0.0,0.0,0.0,184.892426,51.100014,180.51207,186.612091,338.947479,186.523087,0.771891,1.301006,1.223342,0.359602,1.52293,1.109828,0.0,0.0,0.0,0.0,0.0,0.0,48.928741,68.674706,164.012726,51.480175,126.690063,54.023605,1.780529,2.020088,0.233863,1.58365,2.029046,1.695508,6.23538,2.202899,2.529103,3.305753,2.612355,2.104085,0.0,0.0,0.0,0.0,0.0,0.0,8.163235,27.219065,36.319057,4.759613,7.761005,0.0,4.265134,1.552537,0.0,2.337048,0.758759,2.262766,0.0,11.255648,0.0,11.394612,1.477987,12.756816,0.0,0.0,0.0,0.0,0.0,0.0,0.0,0.0,0.0,0.0,0.045485,0.011593,0.0,0.0,0.0,0.0,0.0,0.0,0.197131,0.112976,0.425562,0.108727,0.072669,0.268807,0.780664,0.826126,0.502242,0.531098,0.62595,0.417669,8.498592,10.735775,2.372707,0.362626,8.391899,6.732912,0.0,0.0,0.0,0.018171,0.0,0.0,0.0,0.0,0.0,0.0,0.0,0.0,0.0,0.0,0.0,0.0,0.0,0.0,3.754011,5.78909,5.347414,5.647986,4.019165,6.22943,1.576181,1.379003,0.774597,0.994065,0.887537,0.956276,0.0,0.6694,0.0,0.662522,0.0,0.0,0.0,0.0,0.0,0.0,0.0,0.0,0.0,0.0,0.0,0.0,0.0,0.0,0.0,0.0,0.0,0.0,0.0,0.0,0.43439,0.0,0.19145,0.0,0.514344,0.293093,0.0,0.0,0.0,0.0,0.0,0.0,0.0,0.0,0.0,0.0,0.587227,0.0,0.0,0.0,0.0,0.0,0.0,0.0,19.551796,23.523415,12.915747,98.177116,26.044451,21.201471,0.0,0.0,0.0,0.0,0.0,0.0,0.0,0.0,0.0,0.0,0.0,0.0,0.0,0.0,0.0,0.0,1.25495,0.0
Adrenal Gland,1.172006,0.284918,3.276514,1.413005,2.523272,2.787076,11.365962,14.48819,8.098297,9.108987,5.688776,6.318374,0.0,0.0,0.0,0.0,0.0,0.0,0.0,0.0,0.0,0.0,0.0,0.0,0.0,0.0,0.0,0.0,0.0,0.0,0.251239,1.05986,0.567633,0.712272,0.348425,1.322552,0.0,0.0,0.505028,0.0,0.755485,0.940417,0.0,0.052128,0.074295,0.0,0.343984,0.087765,0.0,0.0,0.0,0.0,0.0,0.0,2.006265,0.0,0.0,1.84555,0.342736,0.0,17.253077,12.828753,13.239049,12.693679,12.370674,11.296295,0.0,0.263079,0.29422,0.328808,0.0,0.0,0.0,0.0,0.0,0.0,0.0,0.0,1.341459,3.822927,3.467046,2.336949,0.0,0.760313,0.0,0.0,1.43073,1.281529,2.19184,0.548804,1.172077,0.0,0.486836,2.568598,1.305289,0.185712,0.0,0.0,0.0,0.0,0.0,0.0,0.0,0.0,0.0,0.0,0.0,0.0,84.128586,153.391129,91.533112,318.138947,195.239105,250.150513,0.601222,0.450625,0.358142,0.57985,0.543667,0.264387,0.615326,0.0,0.0,0.0,0.697734,0.956566,11.512715,43.371353,25.466957,24.091919,47.83485,17.770714,0.487657,1.549363,0.0,2.941261,0.81163,2.472855,1.305544,2.254651,0.524097,0.609945,2.125442,2.296087,0.208346,0.0,0.0,0.0,0.0,0.0,95.531746,82.890656,97.937225,85.841904,1.744658,67.924484,2.55729,11.118997,1.47914,8.500992,4.044766,0.826649,3.547157,2.708208,1.457647,0.0,6.216549,1.439782,0.0,0.0,0.0,0.0,0.120204,0.0,0.0,0.0,0.0,0.0,0.0,0.0,0.0,0.0,0.0,0.0,0.0,0.0,0.188796,0.059142,0.060485,0.161317,0.130017,0.124685,5.433351,15.755809,10.18772,4.788676,5.148519,8.133112,2.295586,2.277774,2.211637,6.163921,3.370584,0.646437,0.016781,0.018996,0.0,0.014639,0.0,0.0,0.0,0.0,0.0,0.0,0.0,0.0,0.0,0.0,0.0,0.0,0.0,0.0,3.834763,2.877272,2.05165,0.952283,1.821221,1.664328,0.700741,0.614099,1.960619,1.637344,0.836549,0.221641,0.967951,0.0,0.0,0.0,0.0,0.038397,0.0,0.0,0.0,0.0,0.0,0.0,0.0,0.0,0.0,0.0,0.0,0.0,0.0,0.0,0.0,0.0,0.0,0.0,0.522423,0.231523,0.0,0.0,0.0,0.0,0.0,0.0,0.0,0.0,0.0,0.0,0.0,0.0,0.0,0.47773,0.0,0.117572,0.0,0.0,0.0,0.0,0.0,0.0,65.660049,92.400528,30.715233,42.348183,49.173824,60.004459,0.0,0.0,0.0,0.0,0.0,0.0,0.0,0.0,0.0,0.0,0.0,0.0,0.0,0.0,2.120027,1.523323,1.72634,1.171038
Brain,33.408546,18.431995,26.435966,17.937346,21.2369,15.123739,3.631709,6.096026,0.975586,3.305601,3.943251,4.709771,0.0,0.0,0.0,1.752646,0.0,0.0,0.0,0.0,0.0,0.0,0.0,0.0,0.0,0.0,0.588385,0.0,0.0,0.0,1.375531,0.76432,1.020912,1.707904,1.507735,0.310378,0.0,0.498523,2.824381,2.131946,0.936738,1.609617,0.317658,0.256365,0.0,0.086266,0.168456,0.378024,0.0,0.0,0.0,0.0,0.0,0.0,0.0,0.813624,0.0,0.0,0.455987,0.0,8.344122,7.995744,8.324819,7.817267,8.254995,14.541399,0.0,0.0,0.0,0.0,0.390882,0.0,0.0,0.0,0.0,0.0,0.0,0.0,0.0,5.83839,0.602622,0.742275,0.0,0.0,0.0,0.0,0.0,0.0,0.0,0.0,0.438433,0.344629,0.0,0.788951,0.0,0.165051,0.0,0.0,0.0,0.0,0.0,0.0,0.0,0.0,0.0,0.0,0.0,0.0,66.35762,40.879402,19.716574,31.331625,78.990402,76.788109,0.12936,0.131405,0.136799,0.32265,0.147497,0.633105,0.0,0.258705,0.0,0.0,0.0,0.0,21.803596,24.608309,15.86562,13.23619,16.161833,10.109378,0.0,0.0,0.679312,0.0,0.20906,0.0,0.190081,0.0,0.0,0.0,0.231513,0.0,0.0,0.0,0.0,0.0,0.0,0.0,0.327221,0.0,0.0,41.788933,183.089355,56.126671,0.891972,0.0,4.066818,7.563257,0.455244,2.367376,0.0,0.289997,0.0,0.063617,1.677987,0.59427,0.0,0.0,0.0,0.0,0.0,0.0,0.0,0.0,0.0,0.019566,0.0,0.0,0.0,0.0,0.0,0.0,0.0,0.0,0.749447,0.407154,0.410269,0.453759,0.748692,0.174356,8.446261,5.829515,2.438942,5.796629,7.706399,8.395245,0.491251,0.0,3.811412,1.292554,0.472342,0.0,0.083221,0.0,0.015676,0.075357,0.0,0.0,0.0,0.0,0.0,0.0,0.0,0.0,0.0,0.0,0.0,0.0,0.0,0.0,0.4481,0.403118,0.876079,0.623069,0.0,0.365975,0.46699,0.723452,0.0,0.0,0.0,0.0,0.0,0.0,0.068521,0.0,0.646351,0.0,0.0,0.0,0.0,0.0,0.0,0.0,0.0,0.0,0.0,0.0,0.0,0.0,0.0,0.620559,0.0,0.404587,0.645073,0.29299,0.314408,0.969302,0.756702,0.744125,0.503046,0.591876,0.0,0.095162,0.0,0.0,0.0,0.0,0.0,0.0,0.0,0.0,0.0,0.0,0.0,0.0,0.0,0.0,0.0,0.0,2.211778,3.095291,0.763049,4.207068,9.923554,12.632946,0.0,0.0,0.0,0.0,0.0,0.0,0.0,0.0,0.0,0.0,0.0,0.0,1.775385,5.90281,0.0,0.0,0.0,1.550787
Salivary Gland,1.265039,2.062925,1.494764,0.278781,0.4798,2.183292,33.364384,6.052749,8.554994,18.74436,38.657341,0.0,0.0,0.0,0.0,0.0,0.0,0.0,0.0,0.072495,0.052313,0.0,0.0,0.0,0.0,0.0,0.43341,0.0,0.0,0.0,0.50915,0.45621,0.0,2.851815,0.033747,0.607779,0.801829,0.196612,0.918269,0.389651,0.575903,0.180918,0.213702,0.05517,0.0,0.062954,0.190041,0.345874,0.0,0.0,0.0,0.0,0.0,0.0,0.0,0.488154,0.533554,2.879121,0.711227,0.001424,12.004951,21.140856,17.929087,7.693186,17.752977,16.516144,0.256703,0.339507,0.0,0.0,0.219166,0.0,0.0,0.0,0.0,0.0,0.0,0.399801,3.848628,0.690572,3.370872,0.91477,3.391964,0.83819,0.0,0.373408,3.635476,0.0,0.0,0.558692,1.278796,0.702241,0.334918,0.492198,0.172466,0.392987,0.0,0.0,0.0,0.0,0.0,0.0,0.0,0.0,0.0,0.0,0.097431,0.0,302.741333,309.794098,301.21933,272.398834,234.68074,189.458344,0.796,0.914783,1.748457,0.733909,1.735716,0.579125,0.0,0.0,0.0,0.0,1.063959,3.901317,42.313503,66.269608,104.321007,61.363503,22.170971,31.189787,2.390465,2.43466,0.749765,1.585314,1.273425,2.190806,1.904352,2.830425,1.45404,1.585314,0.278293,0.75417,0.0,0.0,0.0,0.0,0.0,0.0,48.999008,66.206741,0.0,39.000553,53.328777,0.0,5.053892,0.916107,0.757559,3.213412,2.328426,4.192076,9.831011,2.43105,22.103378,8.584377,18.160448,0.0,0.207886,0.0,0.0,0.606057,5.236667,0.0,0.0,0.0,0.0,0.0,0.0,0.0,0.0,0.0,0.0,0.0,0.0,0.0,0.024128,0.0,0.018474,0.060178,0.029359,0.035654,0.521184,0.970078,0.428326,1.327977,0.93224,1.112331,5.555222,0.528822,0.0,0.0,0.397717,14.303785,0.0,0.0,0.038694,0.0,0.016993,0.020506,0.0,0.0,0.0,0.0,0.0,0.0,0.0,0.0,0.0,0.0,0.0,0.0,3.161488,5.466928,4.16076,5.720116,8.840709,8.322621,0.814238,0.941781,1.247108,1.204453,1.527247,0.551254,0.0,0.0,0.0,1.100822,0.0,0.0,0.0,0.0,0.0,0.0,0.0,0.0,0.0,0.0,0.0,0.0,0.0,0.0,0.0,0.0,0.0,0.0,0.0,0.0,0.662308,0.271111,0.0,0.0,0.223563,0.0,0.0,0.0,0.0,0.0,0.0,0.0,0.0,0.0,0.0,0.0,0.32082,0.0,0.0,0.0,0.0,0.0,0.0,0.0,69.09481,56.21299,72.147408,60.507607,27.001305,33.719139,0.0,0.0,0.0,0.0,0.0,0.0,0.0,0.0,0.0,0.0,0.0,0.0,0.0,0.0,0.0,0.761733,1.148755,3.0436
Lung,4.328509,2.47137,4.873888,0.118727,2.160891,3.321319,16.185873,30.795582,9.157969,14.247197,37.687035,36.652657,0.0,0.0,0.0,0.0,0.0,0.0,0.0,0.074327,0.0,0.0,0.0,0.0,0.0,0.0,0.0,0.0,1.115214,0.389589,0.310788,1.326268,0.342979,1.611717,0.633924,0.337637,1.333667,0.618406,0.440743,0.0,0.726657,0.0,0.06041,0.0,0.0,0.207016,0.0,0.0,0.0,0.0,0.0,0.0,0.0,0.0,0.864182,2.253358,0.0,0.0,0.503074,0.028578,20.649267,21.548557,30.150055,41.242943,30.57221,29.545401,0.225753,0.124627,0.0,0.637874,0.0,0.0,0.0,0.414113,0.0,0.0,0.0,0.0,3.744849,3.686463,0.6835,0.0,0.0,1.718161,0.237462,0.142493,0.0,1.102231,0.0,0.0,0.324019,0.778091,0.393419,0.0,0.0,0.331994,0.0,0.0,0.0,0.0,0.0,0.0,0.0,0.13932,0.0,0.0,0.0,0.0,213.762405,269.365295,279.487793,119.293259,27.485493,158.528732,1.293993,2.971413,0.380408,2.27297,2.244138,0.406433,0.0,0.0,0.950527,0.0,1.628885,0.362958,35.419899,58.519367,177.101654,108.233215,30.106531,144.604324,1.395162,1.209359,7.055901,3.28233,2.618387,1.975617,2.296115,4.740517,4.551563,3.413457,2.173415,0.245468,0.0,0.0,0.0,0.0,0.0,0.247054,30.344297,35.176414,19.538862,9.834591,35.705238,58.505459,0.0,5.163126,2.198642,0.0,3.382576,0.902377,1.412805,14.950928,26.300423,17.47584,0.0,4.938579,0.0,0.0,0.0,0.0,0.0,0.077226,0.0,0.0,0.0,0.0,0.0,0.0,0.0,0.0,0.0,0.0,0.0,0.0,0.050781,0.059771,0.055084,0.027727,0.027003,0.0,1.712556,0.349047,0.629858,0.481064,1.054289,0.732249,3.833416,3.815956,0.979582,6.557925,0.0,0.537181,0.0,0.0,0.0,0.0,0.0,0.0,0.0,0.0,0.0,0.0,0.0,0.0,0.0,0.0,0.0,0.0,0.0,0.0,5.783853,3.024923,2.796029,4.984905,3.668477,4.893282,1.071834,0.896658,1.074619,2.686957,1.011753,2.024332,0.230111,0.0,0.0,0.0,0.506029,0.0,0.0,0.0,0.0,0.0,0.0,0.0,0.0,0.0,0.0,0.0,0.0,0.0,0.0,0.0,0.0,0.0,0.257349,0.0,0.0,0.92891,0.275216,0.318135,0.0,0.517275,0.0,0.0,0.0,0.104996,0.0,0.0,0.0,2.224412,0.509182,0.31438,1.248815,2.736982,0.0,0.0,0.0,0.0,0.0,0.0,29.416349,31.13817,69.424324,40.994019,69.886589,38.648212,0.0,0.0,0.0,0.0,0.0,0.0,0.0,0.0,0.0,0.0,0.0,0.0,3.35128,0.0,0.0,4.873212,0.0,0.0
Skin,1.383136,0.977902,0.996852,6.293615,1.626396,2.201706,15.494379,24.315559,27.26622,55.166672,21.81189,36.134365,0.0,0.0,0.0,0.0,0.0,0.0,0.0,0.0,0.0,0.069374,0.0,0.0,0.0,0.578592,0.0,0.0,0.0,0.502756,0.242008,19.770824,0.212492,4.833953,1.286469,0.632392,0.741382,0.507002,0.0,0.242583,1.037301,0.303036,0.039352,0.051936,0.157385,0.293816,0.116322,0.069654,0.0,0.0,0.0,0.0,0.0,0.0,10.823229,0.981516,0.586973,3.981184,3.951179,0.0,18.384739,13.147905,22.247726,21.160311,14.567219,16.317528,0.0,0.893595,0.349988,0.947619,1.764706,0.0,0.0,0.0,0.0,0.0,0.0,0.0,1.138586,2.394352,2.290969,0.893598,1.614349,0.0,0.0,0.0,0.0,0.0,6.007946,0.0,1.420534,1.45726,0.0,0.490968,0.307328,0.811561,0.0,0.0,0.0,0.0,0.0,0.0,0.0,0.143478,0.138785,0.0,0.593818,0.221187,315.209808,586.854553,89.300385,271.478577,226.833908,359.254395,0.956087,1.357652,0.639469,0.397714,0.220413,0.411231,26.775164,2.029957,0.0,0.909415,0.0,0.947923,21.616577,101.945282,18.254791,290.248901,128.819534,33.114944,0.0,0.0,0.129372,0.894448,1.213763,0.78024,0.787091,0.201105,0.0,2.578754,0.657146,0.0,0.0,0.0,0.0,0.0,0.0,0.0,77.644737,25.902166,38.804146,16.93067,0.0,0.0,1.334825,1.079673,2.947851,6.834405,1.736651,0.700711,9.069135,6.546393,0.0,10.572,0.0,7.562733,0.0,5.983118,6.287248,6.035291,5.297204,4.157896,0.0,0.0,0.0,0.0,0.0,0.0,0.0,0.0,0.0,0.0,0.0,0.0,0.0,0.089331,0.067168,0.129819,0.07,0.208384,1.049555,0.141647,0.702696,0.351808,0.271231,0.567843,0.0,1.620658,5.72383,0.0,11.289791,1.068665,0.0,0.0,0.019579,0.026609,0.016677,0.020593,0.0,0.0,0.0,0.0,0.0,0.0,0.0,0.0,0.0,0.0,0.0,0.0,1.234687,3.629689,5.924372,5.234612,4.326856,11.728157,0.427079,1.039154,0.441146,1.520288,1.214457,0.337531,0.0,0.0,0.0,0.0,2.209442,0.826726,0.0,0.0,0.0,0.0,0.0,0.0,0.0,0.0,0.0,0.0,0.0,0.0,0.0,0.0,0.0,0.175399,0.0,0.0,0.0,0.0,0.465704,0.0,0.622913,0.0,0.0,0.0,0.0,0.0,0.0,0.0,0.0,0.0,0.0,0.0,0.0,0.0,0.0,0.0,0.0,0.0,0.0,0.0,34.968975,13.87967,4.333306,3.032041,5.436035,4.701016,0.0,0.0,0.0,0.0,0.0,0.0,0.0,0.0,0.0,0.0,0.0,0.0,0.227422,0.0,0.0,0.502981,0.218053,0.0
Esophagus,3.338739,0.19415,2.830026,1.565141,4.35323,7.580677,21.049824,22.14826,21.200281,27.09606,50.149712,19.465914,0.0,0.0,0.0,0.0,0.0,0.0,0.0,0.082577,0.0,0.0,0.0,0.082017,0.0,0.0,0.0,0.0,0.0,0.0,1.308812,34.007671,0.403988,0.242166,0.771823,27.256248,0.588122,0.217658,0.0,0.704879,0.26687,0.001018,0.0,0.0,0.380793,0.110569,0.058573,0.194294,0.0,0.0,0.0,0.0,0.0,0.0,1.007268,0.0,1.507237,0.0,1.204229,2.030399,29.079786,9.228372,17.474888,41.647034,30.5054,40.570515,0.207795,0.0,1.302317,0.936793,0.0,0.0,0.0,0.0,0.0,0.0,0.0,0.0,2.956726,0.0,0.0,1.498865,1.683987,1.951989,0.803363,0.0,0.0,0.391209,0.0,0.795747,1.392889,1.92347,0.455771,0.866913,1.571866,0.334587,0.0,0.0,0.0,0.0,0.0,0.0,0.0,0.0,0.0,0.0,0.0,0.0,261.041626,195.827713,307.531891,462.700409,138.217148,120.170334,0.473618,0.276337,0.169587,0.47984,1.118757,0.556664,0.0,3.906579,6.344406,2.455122,3.618331,0.0,16.612055,24.671112,23.243168,30.35133,276.770416,31.135639,0.827443,0.817729,0.215436,0.0,0.718403,0.786085,0.220817,0.343372,0.457109,0.806053,0.895636,0.490941,0.0,0.0,0.0,0.0,0.0,0.0,13.297448,0.0,107.317711,52.500988,48.515472,26.509647,1.276489,2.096576,1.096225,5.983974,10.670729,1.700542,7.032062,11.153461,18.440159,6.533253,0.0,2.461562,0.0,0.788343,0.340309,0.0,0.0,0.0,0.0,0.0,0.0,0.0,0.0,0.0,0.0,0.0,0.0,0.0,0.0,0.0,0.0,0.0,0.022307,0.0,0.0,0.024011,0.95421,2.786416,1.901645,1.592985,1.564757,0.706157,0.0,4.510714,13.829044,11.952243,1.659026,2.069772,0.0,0.0,0.014485,0.0,0.016416,0.0,0.0,0.0,0.0,0.0,0.0,0.0,0.0,0.0,0.0,0.0,0.0,0.0,3.031717,1.999734,3.583096,1.90093,4.045761,1.891817,1.252671,0.518278,0.0,0.491098,0.0,0.20134,0.17945,0.372049,0.60186,0.0,0.0,0.0,0.0,0.0,0.0,0.0,0.0,0.0,0.0,0.0,0.0,0.0,0.0,0.0,0.0,0.0,0.0,0.0,0.0,0.0,0.0,0.170692,0.0,0.0,0.664536,0.25722,0.0,0.0,0.0,0.0,0.0,0.0,0.0,0.147731,0.0,0.0,0.0,0.0,0.0,0.0,0.0,0.0,0.0,0.0,17.050041,66.196396,57.387608,43.055031,19.60553,14.129241,0.0,0.0,0.0,0.0,0.0,0.0,0.0,0.0,0.0,0.0,0.0,0.0,1.074178,0.0,0.0,0.861542,0.40514,0.0
Pancreas,1.891795,0.652229,1.052791,2.120768,0.491025,0.460173,6.476993,6.310492,9.755692,3.769625,13.02269,3.192324,0.0,0.0,0.0,0.0,0.0,0.0,0.0,0.0,0.0,0.0,0.0,0.0,0.0,0.0,0.0,0.0,0.0,0.0,0.960001,0.572654,0.180411,0.497143,0.202175,0.211615,0.212375,0.199113,0.0,0.939438,0.0,0.269348,0.068002,0.068553,0.059126,0.042707,0.347417,0.078763,0.0,0.0,0.0,0.0,0.0,0.0,1.05672,0.0,0.0,0.0,1.092288,0.0,7.365195,6.497835,5.730416,8.592543,6.886741,8.401712,0.0,0.0,0.0,0.0,0.0,0.983679,0.0,0.0,0.0,0.0,0.0,0.0,1.061833,1.616199,0.0,2.855333,0.0,4.42722,1.06241,0.0,0.311928,0.0,0.0,0.0,0.0,1.053013,1.726265,0.901018,0.0,0.233549,0.0,0.0,0.0,0.0,0.0,0.0,0.0,0.0,0.0,0.0,0.0,0.0,244.355331,203.490891,248.681046,221.101456,388.325287,695.302856,0.449324,0.728633,1.457201,0.087333,0.830716,0.524017,0.0,0.0,0.0,0.0,0.0,0.0,82.288261,54.808235,56.556961,75.881172,122.564384,39.323799,0.455361,0.0,0.334219,0.794184,1.159379,0.255344,0.0,0.884783,0.747796,0.0,0.182184,0.210738,0.0,0.0,0.0,0.0,0.0,0.0,0.0,25.14007,8.545996,57.279911,34.52813,34.429855,1.587897,1.361544,1.636517,0.0,4.5846,0.0,0.423472,2.783807,1.919705,5.83557,7.388353,1.775882,0.0,0.0,0.0,0.0,0.0,0.0,0.0,0.0,0.0,0.0,0.0,0.0,0.0,0.0,0.0,0.0,0.0,0.0,0.168551,0.192541,0.331875,0.461649,0.34104,0.52437,1.01443,0.767577,0.431845,1.088065,0.549316,0.062235,0.0,6.057409,3.606667,0.0,2.178247,0.0,0.016689,0.034193,0.0,0.0,0.0,0.02263,0.0,0.0,0.0,0.0,0.0,0.0,0.0,0.0,0.0,0.0,0.0,0.0,4.791179,3.077054,3.892081,2.279274,2.742629,4.585978,0.73128,0.786988,0.0,2.344154,2.031978,0.402882,0.03151,0.0,0.0,0.0,0.0,0.0,0.0,0.0,0.0,0.0,0.0,0.0,0.0,0.0,0.0,0.0,0.0,0.0,0.0,0.0,0.0,0.0,0.0,0.0,0.602174,0.286704,1.073549,0.0,0.0,0.0,0.0,0.0,0.0,0.0,0.0,0.0,0.0,0.0,0.0,0.0,0.0,0.0,0.0,0.0,0.0,0.0,0.0,0.0,6.953361,2.887799,6.633862,8.750916,11.526537,15.759109,0.0,0.0,0.0,0.0,0.0,0.0,0.0,0.0,0.0,0.0,0.0,0.0,0.519796,0.0,0.026615,1.662883,0.0,0.0
Kidney,4.246095,2.206385,1.516782,1.289039,1.708998,1.774198,26.158108,13.339103,11.846159,8.309758,25.471132,9.279716,0.0,0.0,0.0,0.0,0.0,0.0,0.0,0.0,0.0,0.0,0.0,0.0,0.0,0.0,0.0,0.0,0.0,0.0,0.335319,0.248319,0.287706,0.580905,0.855512,0.437702,0.0,0.267514,0.168819,0.215717,0.154562,0.335431,0.067685,0.043796,0.114936,0.17496,0.056689,0.035108,0.0,0.0,0.0,0.0,0.0,0.0,0.075957,1.140627,0.0,1.01577,1.254296,0.569911,32.381004,11.956447,20.116734,14.15982,20.567574,27.120358,0.62387,0.422473,0.487938,0.0,0.199306,0.525097,0.461163,1.790045,0.0,2.703917,0.0,0.0,1.622573,1.26525,0.0,1.534385,1.680567,0.863039,1.316766,2.607066,0.0,3.224857,0.0,5.471878,0.155886,0.219429,0.658923,0.747984,1.293229,2.023155,0.0,0.0,0.0,0.0,0.0,0.0,0.0,0.0,0.0,0.0,0.0,0.0,245.952942,68.430412,80.387238,38.618469,268.3396,65.472237,0.628484,0.0,0.441313,0.284925,0.585111,0.293321,0.0,0.0,0.0,0.283539,0.0,0.0,24.1688,63.165379,24.890549,51.056953,32.881641,19.286417,0.185055,0.710491,4.118514,0.176794,0.0,0.706142,0.254795,0.185055,1.468433,0.47507,0.918198,0.0,0.0,0.0,0.0,0.0,0.0,0.0,0.0,18.466499,0.0,147.283432,8.929645,0.0,5.802511,3.369135,4.622508,4.039527,1.026524,0.998625,1.811807,12.334618,0.0,0.0,0.676653,0.0,0.0,0.0,0.0,0.094471,0.0,0.0,0.0,0.0,0.0,0.0,0.0,0.0,0.0,0.0,0.0,0.0,0.0,0.0,0.0,0.217827,0.181863,0.081259,0.0,0.050071,2.017262,1.36811,2.193036,4.461016,1.481242,3.850714,4.925748,6.498493,1.185077,2.885621,0.0,1.110284,0.016056,0.031389,0.019869,0.07313,0.019904,0.08028,0.0,0.0,0.0,0.0,0.0,0.0,0.0,0.0,0.0,0.0,0.0,0.0,2.038561,7.653176,2.75225,3.75756,4.460079,8.985369,1.68188,0.0,0.294191,0.619247,1.325692,0.946634,0.0,0.0,0.0,0.0,0.0,0.0,0.0,0.0,0.0,0.0,0.0,0.0,0.0,0.0,0.0,0.0,0.0,0.0,0.0,0.0,0.0,0.0,0.0,0.0,0.0,0.39026,0.601381,0.0,0.385521,0.0,0.0,0.0,0.0,0.0,0.0,0.0,0.0,1.490957,0.485902,0.0,0.817359,0.0,0.0,0.0,0.0,0.0,0.0,0.0,47.603176,16.308056,39.258675,24.376554,11.796547,17.869251,0.0,0.0,0.0,0.0,0.0,0.0,0.0,0.0,0.0,0.0,0.0,0.0,0.0,0.0,1.164287,1.63748,0.0,0.0
